,Pitch,Yaw,Roll
0,0.10745068454040227,0.2866586129213122,0.24991614052728467
1,0.04621819980949188,0.2835792447735829,0.27170696549919315
2,0.16032896860842907,0.2774954145828206,0.16186221115283747
3,0.15366532580986664,0.25676706437171176,0.04264458710883783
4,0.06298209961005137,0.2263621400730224,0.08847448853634365
5,0.047912955748441746,0.23017755779449156,0.13307966852175016
6,0.06424022391649498,0.24705236128630015,0.06135567832852152
7,0.10821573113408198,0.2725798265726661,0.15712583994432278
8,0.055341400598521,0.273937547708792,0.03568864769070328
9,0.15356670077452608,0.25812828083959516,0.05591426522156088
10,0.08321738792742842,0.22545937663818572,0.13004851239895912
11,0.01073689521434702,0.28982904938761167,0.0977373570368237
12,1.1527897546686856,0.9164686876430311,0.02635745820790296
13,1.2164874966963297,0.9175203153139468,0.04109534721429494
14,0.8432994531807,0.6375363579825318,0.23110314776036342
15,0.9699062065432553,0.6601849808717629,0.2671235012391181
16,1.0927526437809378,0.684933383766657,0.3314658758023474
17,1.1568878233302473,0.7467715322680133,0.27005613433667636
18,1.0330603947356192,0.72454377674143,0.18216585660960521
19,1.7026518284359784,1.7496840875978905,0.31260726812445394
20,2.0335523095302936,2.6275526896543213,0.40177175455299613
21,1.92647067102274,2.4054156338218418,0.27073575273356254
22,0.19112321836391197,0.4772943501144308,0.022664223362842458
23,0.09790144614732472,0.4264086452215309,0.013150089331041084
24,0.20291741383304174,0.4083138271798627,0.08984645227834981
25,0.27883051001288417,0.42756173532158814,0.12080788670943196
26,0.26177183441283375,0.4236581655894955,0.10926330157747721
27,0.30069465217742686,0.44609427035838806,0.12570055450234646
28,0.31103929923936174,0.4443815694702627,0.14752871604794657
29,0.2774896310849644,0.4362093808444199,0.2848809070899712
30,0.32093872080097985,0.4513664899112213,0.3612535786477538
31,1.4164982028926791,0.9390365486304368,0.39362369875090236
