,Pitch,Yaw,Roll
0,-43.331588864685116,-2.941586561984109,-26.360482736790733
1,-18.920833790372104,37.81858505263797,6.842779751986243
2,-24.721281373318856,33.034652292377174,12.701508870814187
3,-18.351926606010522,24.617457365443002,16.952982883104834
4,-17.938328513068655,20.971564084006282,19.393394860535288
5,-19.77130913980207,20.57028418704913,21.16859840236543
6,-21.879549715379977,21.34673177949937,21.38404684896929
7,-28.278155511773097,17.112736993779254,32.970937312452094
8,-27.909783214782667,16.28602911768017,32.79312482328471
9,-26.176514758275502,13.387396769709618,35.75477251278297
10,-20.56783076085677,15.094774869724597,27.60234846524132
11,-16.772587388762012,12.115032636631755,29.50136124785229
12,-15.45059470705873,12.580603412984999,27.236201679526147
13,-13.116432854961976,12.667207127696459,26.08374553046032
14,-11.402480796322473,15.98276078463094,21.02970695464968
15,-9.689616463300615,18.587143548859455,17.351949624646117
16,-9.225312133334372,18.52406755094724,17.30077561825126
17,-10.600894433944779,15.874905803637976,23.176865076910918
18,-12.560954383393732,13.013524545767455,30.55529898384336
19,-13.464706885856256,12.849477192921324,33.04679688883044
20,-14.719280644410649,13.45572488711922,31.48577449870065
21,-17.423151098978646,15.424667472151002,28.726029575686113
22,-19.585416096010913,12.796919095427466,37.344348850708926
23,-18.493398944707646,9.266314517653315,53.09454951082922
24,-13.839070696001318,4.713580658587721,61.05995528813448
25,-10.49731981147987,8.221058434917287,48.73407135568645
26,-8.226295354990045,11.065303011022696,31.09625365928725
27,-4.339728686487745,10.847951779952604,3.629773254453009
28,1.1012920052535025,-3.1688947841709063,-27.157100092102297
29,6.491933477913683,-12.752894842448391,-46.76638657763559
30,-24.451864850054353,-43.9678928183607,-66.75288939316658
