,Pitch,Yaw,Roll
0,0.8321788644112846,0.4937233386784465,0.1346440083375436
1,0.980557548224794,0.5824347736849049,0.047695832282462866
2,0.9491850684923568,0.523338799529178,0.08954307560318664
3,1.5792274859420856,1.6527558625142516,0.033609122798609004
4,1.5011161748141248,1.5818420188524664,0.26826711817996274
5,0.8343923064051622,0.4829950740109315,0.17323341573843165
6,1.2072573268354998,0.7817639952324779,0.07378542312920738
7,1.315830988712981,0.8146947994736452,0.1847885725213279
8,1.761733540713716,2.0928033568665407,0.2459612990524671
9,1.764281109691502,2.0830547839847617,0.39194105440766536
10,1.2389419157061152,0.7641592119538863,0.30812848628396367
11,1.1671890080732346,0.7739622549170102,0.18042804168411314
12,1.230522638890951,0.8862371542063445,0.0662041858803978
13,1.2009811620259656,0.8652713056512652,0.04053818636778701
14,1.1501699793706055,0.8620966015810116,0.020298160167601494
15,0.9793204623932905,0.8129235123992881,0.09445392472816644
16,1.6787210451207721,2.058102087288297,0.16098717555908248
17,1.7396746442861593,2.3999433785644064,0.3134510115818206
18,1.017738536142308,0.7038788623190344,0.251600546980381
19,0.6114656854414521,0.36712753873377335,0.07117535599523941
20,0.3936425979733355,0.2851596850468688,0.1597032297627906
21,0.6351905988063907,0.31766297985066694,0.1479191489349298
22,0.7500091302210018,0.29347851444895445,0.08968343751425732
23,1.1078035008122138,0.41644370594928826,0.025581084289188833
24,0.9651497301765087,0.34122809258581016,0.005590722281563589
25,1.125292761770597,0.390344891523913,0.0360178252033346
26,1.46381642932348,0.8501578160291845,0.1388577060348085
27,1.5294158070725927,1.1904519274554966,0.10967018950332648
28,1.3285968242629143,0.6508368551231171,0.03200725444245859
29,1.3046506510425788,0.8399217059327212,0.010854435746395573
30,1.4806082856901939,1.1802286743170969,0.13067202057698862
31,1.513616450938376,1.2312679362376748,0.2717356282160052
32,1.528759039235081,1.210226022149093,0.30552282880530773
33,1.5272387117067325,1.2776241949926226,0.22409324937402503
34,2.043494011029852,2.716662868665699,0.28730371007990785
35,2.0581176720145304,2.7214008461410635,0.3190400591100732
36,2.243804637610242,3.030530301191763,0.699924002804269
