,Pitch,Yaw,Roll
0,-27.271549050767263,-10.193186549101435,-41.20026247618181
1,1.4358890776710573,31.54695048135527,-10.731439021766976
2,-4.244979402273563,19.35600232490689,13.961896374174906
3,-7.792370819198618,14.100309355410982,20.161468910556035
4,-8.207143903617887,12.817847391794073,21.08206180529401
5,-6.382956362348834,22.84253054440391,8.570623652902507
6,-4.430512464955498,24.213238158763126,5.615343291591652
7,-4.904423310913083,22.489542893707515,6.755956786896519
8,-5.598267537888882,21.733695079838043,8.708063828282397
9,-6.678728435364655,20.20698312970874,11.220881293571482
10,-6.191672666543303,17.69420934171589,11.776887011921582
11,-7.481683252728357,16.962815928414255,14.914588715039034
12,-10.176983491449915,17.944004792751137,16.76711464706188
13,-11.10341353072918,12.241757251048982,32.56123797605968
14,-8.667156572028341,11.445085747362025,28.554059427840606
15,-6.762040894530902,10.192248118110902,27.95073722482568
16,-7.0029895770690755,15.926231313244736,13.782988447030132
17,-8.665481056211027,13.93199234670102,22.80398281924136
18,-8.45036977834621,11.849606275267067,25.153398825038927
19,-8.720397241658134,11.465273582066668,25.899292531493145
20,-8.191437866889384,13.2497662687961,20.78088051473191
21,-7.492680862258353,11.552195452698063,26.788794612126452
22,-7.438753546072729,7.86582058785264,35.48421075975264
23,-8.51402525228351,2.8603918536290016,48.03556169742935
24,-12.51963388613356,0.7726871469202573,62.973696781004655
25,-14.943402789215527,-4.963771320549058,61.82568882281766
26,-21.321745999880505,-7.144225986427969,57.348003227907796
27,-26.826254769923544,-12.333144784937154,38.81528743047552
28,-31.073155931174284,-14.827684169530137,35.01460353200321
29,-29.86612898379857,-16.928334175239968,29.492585602737442
30,-27.799571819611636,-16.74781023135943,30.455423350751374
31,-44.71631831602077,-14.541642200891763,43.74685014585967
32,-47.2105976068941,-19.277494484183368,48.37481749532768
33,-60.44408916040557,-19.221916352296958,50.09453828677616
34,-47.49464460876823,-17.935984152274884,50.61502466930768
35,-34.65594017140129,-4.29265768471458,27.051792772835384
36,-9.747200161189012,5.426741369925564,1.087800326145704
37,-26.031559250023584,-22.01659511767909,-51.929140962925246
