,Pitch,Yaw,Roll
0,-26.314383770268815,-1.402593373848581,-38.20126239968722
1,-0.7327231449568549,38.60207957372842,-4.808201746130335
2,-6.131110726300552,38.71227304988412,1.3053569274922534
3,-11.993366631450986,36.68421440661662,7.2129224804463705
4,-14.173636074526195,34.70428206793633,9.405473050080404
5,-14.979938814112135,24.81689428371799,17.367577232851932
6,-15.072386224218238,14.684541189970734,28.193982694291066
7,-13.108062130847784,9.561960167721162,35.57631251164451
8,-14.951571047429043,12.665319031205684,32.823776708696066
9,-16.17807202877493,12.450721760715988,33.95153307574359
10,-15.794438717836117,13.8757994999938,30.23483607755433
11,-14.530460622363828,10.631914058429167,34.78439346091666
12,-17.849885214332314,12.121232209805884,32.08243593940255
13,-23.15490420469504,9.316067560652138,43.08035432990048
14,-22.559686487411557,5.011227434529007,59.37863987393674
15,-19.238618121679618,0.7102989933766406,76.54329995406347
16,-15.558354267554371,0.3352300462254164,82.97519732760128
17,-15.532777052692392,4.5162223498363305,67.6779389413629
18,-13.181124921490161,9.00433779824134,47.801997983829644
19,-11.118840010967585,10.468350765032252,36.587530916411126
20,-10.986114363210179,9.890152114354462,38.41864220345296
21,-11.739089928484145,8.796864226650694,42.66823286960444
22,-17.66601563561963,8.757638253537918,46.416024822237546
23,-20.465527978863317,5.488854985539879,56.58956132463513
24,-21.319779403559007,1.2657867527883901,62.402264407558576
25,-15.190243207036543,0.0020340943177353577,65.31014269889737
26,-11.838835016100134,3.164192474533255,54.00227561750127
27,-14.816751022746383,7.752578598760058,56.03385759339459
28,-21.268392254216753,5.879265047571134,54.92059408135889
29,-21.322929140845407,6.841747652015803,50.35827854934384
30,-14.60084064407915,11.952426030931944,29.996091537106
31,-34.53868826282688,-17.482298482706547,-21.01290793380252
