,Pitch,Yaw,Roll
0,0.16045948518512235,0.29372792019294386,0.06285094324044396
1,0.40941528715842157,0.3074060866365924,0.059898529593159264
2,0.2951744102707639,0.30098159729423846,0.021137872368216112
3,0.1645182788756398,0.24143347984657368,0.06335842900512748
4,0.04157083634807536,0.2189748912114499,0.060240093615986916
5,0.03275434752673824,0.23176251013642088,0.08700419166390436
6,0.09543314994301264,0.21978194157721961,0.036850270478764366
7,0.1557024267220077,0.2298343612795862,0.05226024063936781
8,0.17225095929052672,0.24656293830492265,0.08470554386777601
9,0.1722143980071168,0.3340216909200249,0.12375007359918137
10,1.3418532895991007,1.1424379876236326,0.11659729516244594
11,0.5466586004997267,0.5052696560022191,0.18992264239406603
12,1.7341385693406992,2.2643606424972087,0.07154802957797539
13,1.6720465962016642,1.8651972232436578,0.04169005633627767
14,1.6520857377819012,1.726622188504766,0.2052798301880767
15,0.9091703741275905,0.5157615303458009,0.45488750935194666
16,0.916382870067235,0.5347361916292721,0.4694937296969658
17,0.9140540415773869,0.5274529969481371,0.48401777228162446
18,1.0084548260882977,0.6337157999803726,0.3640389385760654
19,1.3519657536031469,1.0015826522820002,0.33795895375150986
20,2.1538269245995694,2.7465858978394064,0.582306762900492
21,2.2106613000539554,2.929649533899085,0.9736413682719085
22,2.207241539549732,3.006553099753795,1.0720689110531725
