,Pitch,Yaw,Roll
0,0.07864503146234138,0.28698676001078627,0.19999883567827703
1,0.03451847698566297,0.2636149436946574,0.21542838295706607
2,0.0949049334266769,0.22413169187553997,0.12253193857695861
3,0.0847811210558472,0.22076917153478187,0.15994617471133363
4,0.109962312777239,0.2132702690097767,0.16866039688400591
5,0.1540061988379539,0.22227663451123927,0.1939900415784545
6,0.18440324804160055,0.2240694994868522,0.23076676157844264
7,0.09561778461515877,0.21720502107318757,0.187181639253623
8,0.13285691800716756,0.21303844689196344,0.21395459538896042
9,0.12782761197019152,0.2271057832429171,0.19629821394277752
10,0.06390003127189962,0.24347073743490782,0.16310896277220016
11,0.04773604398885035,0.244972357998858,0.1638614286976807
12,0.0842687094917449,0.23644568464028037,0.19133479898332625
13,0.05879099101578729,0.24287717540465337,0.1783951911015264
14,0.07464052933061932,0.24648291879752207,0.20318170219209422
15,0.47317653869375437,0.5844971276504668,0.1819138816986217
16,1.022504785438388,0.8330854373573702,0.1832202586786045
17,0.49264550723690337,0.6010236930887357,0.07553316827448837
18,0.1048993278505669,0.442162726889264,0.1245799709589976
19,0.37894770778543796,0.5342189242131924,0.033408515934346975
20,0.3104072853226199,0.5013270519836426,0.022962536068092964
21,0.24538363170570474,0.4704387510149364,0.04600642421900435
22,0.27625712661768487,0.48452780846064974,0.05004078805093975
23,0.20759558139147882,0.47029108136073666,0.013780850020928175
24,0.15387406042784324,0.46182414533477456,0.004502832251707162
25,1.5795344559739979,1.552625976022654,0.0890987452354681
26,2.1509087129797555,2.857459239047361,0.5207336738379374
