,Pitch,Yaw,Roll
0,0.10745068454040227,0.2866586129213122,0.24991614052728467
1,0.04621819980949188,0.28357924477358326,0.2717069654991944
2,0.16032896860842907,0.2774954145828214,0.16186221115283747
3,0.15366532580986664,0.25676706437171176,0.04264458710883783
4,0.06298209961005137,0.22636214007302194,0.08847448853634365
5,0.047912955748441746,0.23017755779449106,0.13307966852175016
6,0.06424022391649498,0.24705236128630015,0.06135567832852152
7,0.10821573113408198,0.2725798265726661,0.15712583994432278
8,0.055341400598521,0.2739375477087916,0.03568864769070328
9,0.15356670077452608,0.25812828083959516,0.05591426522156088
10,0.08321738792742842,0.22545937663818622,0.13004851239895912
11,0.01073689521434702,0.28982904938761245,0.0977373570368237
12,1.1527897546686854,0.9164686876430311,0.02635745820790296
13,1.2164874966963284,0.9175203153139453,0.04109534721429494
14,0.8432994531807002,0.6375363579825338,0.23110314776036342
15,0.9699062065432523,0.6601849808717618,0.26712350123911854
16,1.0927526437809358,0.6849333837666531,0.3314658758023474
17,1.1568878233302442,0.746771532268013,0.2700561343366734
18,1.033060394735623,0.7245437767414334,0.18216585660960827
19,1.7026518284359784,1.7496840875978905,0.31260726812445394
20,2.0335523095302936,2.6275526896543218,0.40177175455299585
21,1.92647067102274,2.4054156338218418,0.27073575273356254
22,0.19112321836391255,0.4772943501144317,0.022664223362842458
23,0.09790144614732699,0.4264086452215306,0.013150089331041084
24,0.2029174138330423,0.4083138271798624,0.08984645227835104
25,0.278830510012887,0.4275617353215879,0.12080788670943564
26,0.26177183441283375,0.423658165589496,0.10926330157747925
27,0.3006946521774276,0.44609427035838833,0.12570055450234646
28,0.31103929923936174,0.4443815694702627,0.14752871604794732
29,0.27748963108496477,0.4362093808444202,0.2848809070899712
30,0.32093872080097985,0.4513664899112213,0.3612535786477538
31,1.4164982028926825,0.9390365486304406,0.39362369875090236
