,Pitch,Yaw,Roll
0,1.507786766061863,1.3413513142344369,0.1237825019011182
1,1.4927519368355326,1.3256066523280376,0.008006693826020235
2,1.174754566372876,0.7487851557072737,0.048682803201727624
3,0.8192169876735673,0.503074663687632,0.003443231176670194
4,0.7230237685493909,0.3795377675523253,0.02738303299679116
5,0.676028374417952,0.3453717251392346,0.021537732128706025
6,0.8435742318313573,0.4193928667288438,0.048334629506966605
7,1.009896460716686,0.4899388382088753,0.023253987435778792
8,0.9534819133671645,0.4452591695788674,0.02448562059591456
9,1.1318878005629123,0.4774971567396525,0.18429450751251245
10,1.2228004561072972,0.502763740314292,0.26801980543611215
11,1.163406897779701,0.4851826630118728,0.213807201501874
12,1.1574110090561616,0.4842688283912415,0.19595868264059257
13,1.196545453977476,0.48174382446565617,0.23426931910171217
14,1.2360456719354185,0.46814850374218914,0.2953012887465644
15,1.1381723778231063,0.43464883934343485,0.23761755135732507
16,0.9642464754449851,0.41889868927673146,0.020382008165522516
17,1.0898234478861903,0.37620877269710207,0.08748302721816947
18,1.3740898904361991,0.5584176679293584,0.12478137827684624
19,1.5937201609379688,1.7043847394234237,0.1002008105103622
20,1.492698739621907,1.0399005323502881,0.06583864115830383
21,1.2308156413130178,0.5934750158454953,0.09388263232658134
22,1.8741529538160488,2.538412166786842,0.08810601493730356
23,1.481725863657541,1.305152981380729,0.029666970475625158
24,1.5476126110458703,1.620978055803705,0.1318497953342532
25,1.6577987207376916,2.0130419692167782,0.08051034294665042
26,1.7214893615678004,2.2412304185284495,0.05164941016089045
27,1.6783457376243782,2.057684901273926,0.042931933555960186
28,1.7306931435279238,2.2335291417245227,0.022226139094767474
29,1.7415981853707434,2.012816985428789,0.1701183029873446
30,2.202305853900579,3.0199843680577714,0.435667053894322
31,2.244796490315598,3.0723520044068358,0.6713936517769689
