,Pitch,Yaw,Roll
0,0.1693498902162697,0.259136615709949,0.16467380956707106
1,0.0158468959025526,0.2625870337359817,0.20152744573557138
2,0.0961611192848441,0.23412786055277632,0.22889838545290017
3,0.1875518255203044,0.20858388587779605,0.2114422504952819
4,0.1564230495824279,0.19876966775256946,0.17370826437271447
5,0.17171432267016126,0.19666284156289654,0.21804753206103986
6,0.06353888024904,0.21518392410955883,0.1525876849558194
7,0.10411361208011928,0.3019379721997982,0.17731466905412802
8,0.22998624944099663,0.32391054002677144,0.10402792484507722
9,0.4291703759465743,0.31757146844029516,0.22860498092665943
10,0.20640613869376007,0.234439757856064,0.019759777898488977
11,0.17596041050894237,0.2569900082501335,0.24363935275756032
12,0.3368001851007149,0.31823363208107397,0.353168313667637
13,0.3533743837636732,0.30295965938524694,0.2719941381783085
14,0.35035498840914214,0.2590805610105396,0.062465600164851864
15,0.05398591073294885,0.25446520105732373,0.08945772120334394
16,0.7869664617345775,0.43868226391098886,0.23837225817107063
17,1.0643070098699197,0.6989620661436243,0.4520647715389879
18,0.4349245264157405,0.6273461202502811,0.39591465831275213
19,0.44116397509172495,0.5920726267192388,0.23534755710643254
20,0.4340853335617363,0.4908924105210657,0.13765393432896747
21,1.5133828557850302,1.2132005329019182,0.2371951516465437
22,1.6463012049702304,1.6856292626559126,0.2206959069995258
23,1.4463235795032547,1.124277186632837,0.18780284774959632
24,1.8739302691663549,2.1263777147464533,0.30168824947620676
25,1.5772761413121317,1.193791922410474,0.4664321803432662
26,1.2610741818933187,0.7824423429200607,0.5236111716506151
27,0.8646283287711666,0.5976471182989358,0.43181450302659646
28,0.9244434810684768,0.5793689411239946,0.2578831414428091
29,1.921900145216517,2.8614587897111696,0.18341954769638427
