,Pitch,Yaw,Roll
0,0.16045948518512235,0.29372792019294425,0.06285094324044396
1,0.40941528715842157,0.3074060866365924,0.059898529593159264
2,0.2951744102707635,0.30098159729423846,0.02113787236821086
3,0.1645182788756432,0.24143347984657415,0.06335842900512396
4,0.04157083634807536,0.21897489121144886,0.060240093615986916
5,0.03275434752673824,0.23176251013642088,0.08700419166390436
6,0.09543314994301264,0.21978194157721961,0.036850270478764366
7,0.1557024267220084,0.2298343612795862,0.05226024063936781
8,0.17225095929052736,0.24656293830492265,0.08470554386777601
9,0.1722143980071168,0.3340216909200256,0.12375007359918137
10,1.3418532895991004,1.1424379876236326,0.11659729516244403
11,0.5466586004997265,0.5052696560022195,0.18992264239406603
12,1.7341385693406992,2.264360642497209,0.07154802957797539
13,1.6720465962016642,1.865197223243657,0.04169005633627767
14,1.6520857377819023,1.726622188504768,0.2052798301880767
15,0.9091703741275905,0.5157615303458009,0.45488750935194644
16,0.9163828700672395,0.5347361916292732,0.46949372969696723
17,0.9140540415773873,0.5274529969481373,0.48401777228162474
18,1.0084548260882993,0.6337157999803736,0.3640389385760654
19,1.3519657536031464,1.001582652282,0.3379589537515095
20,2.1538269245995694,2.7465858978394064,0.5823067629004927
21,2.2106613000539563,2.929649533899085,0.9736413682719085
22,2.207241539549732,3.006553099753795,1.072068911053173
