,Pitch,Yaw,Roll
0,0.16362995430782656,0.31000513508502864,0.06627010995581815
1,0.1175545665143469,0.2837605484370395,0.10233923528143753
2,0.1068118898948919,0.2648262039363882,0.11236785395926949
3,0.12938307744892327,0.23511923043857066,0.18572533337011377
4,0.19549156587445016,0.20111518186558364,0.24132779340065208
5,0.23897497644005491,0.17933393928970562,0.20751383952750238
6,0.1276293878839359,0.23094167052785228,0.19464014215668313
7,0.16155464577974293,0.22020149178201182,0.15342590571259554
8,0.09342468503369111,0.21835354760208892,0.18262302693575674
9,0.041749309516020114,0.251968352431869,0.12828819212972872
10,0.1120219870882447,0.24537544997766014,0.09705169875975267
11,0.01860993009186225,0.25743531802809816,0.1359600768909884
12,0.04443842513980661,0.3011473604660015,0.03019058189923835
13,0.010359967650733782,0.31512585136273946,0.07901813641651105
14,0.13445199442205066,0.39776570374295367,0.06383765653165693
15,1.2729266252223028,0.807559989960067,0.2957276437267251
16,1.5240141391430733,1.1807944858889368,0.3516757865583684
17,1.6439459466239543,1.5047755436932266,0.39787027894279464
18,0.8881674759758629,0.5722199774579846,0.4169345720926843
19,0.8093489338384035,0.5806614259085433,0.37923039172975903
20,0.8795287020058937,0.6404735458048961,0.3254328431605139
21,1.386372079345421,1.2174671734515636,0.30408781781746724
22,2.1192777076050504,2.6688289509771272,0.7794833448764054
