,Pitch,Yaw,Roll
0,0.25657748935014124,0.31165439648707116,0.18115679464022572
1,0.19905735312697495,0.2947359961013174,0.20149278881686705
2,0.027381849449285914,0.2681498944377836,0.23533453992232112
3,0.40335819840257336,0.27575684475094553,0.03286377938265663
4,0.19624374607861883,0.21474986390544828,0.04034697166380039
5,0.008024237195687815,0.20375617624324013,0.10501498422338613
6,0.12526547569659463,0.1872867610814937,0.19723365897456152
7,0.14945750759848808,0.1774287319176252,0.15470320919854555
8,0.1838306679436819,0.1702037764036703,0.17026966845201122
9,0.1737302154720959,0.1704932328473717,0.17741193552246207
10,0.11274192702076054,0.21921872474820078,0.2305296671687449
11,0.10460459512269066,0.19288059663216914,0.18024202066400413
12,0.10103104502486615,0.19547386062169814,0.2329169642636341
13,0.03126477135439704,0.2060882674115256,0.2892805669347016
14,0.13471308690298892,0.25417874269131024,0.21091788348554796
15,0.31540780460640805,0.337056920307106,0.19357797630176674
16,0.3616901850735989,0.3696124481050906,0.05751721378577581
17,1.4191288710349437,1.000930742914346,0.26827492365900435
18,1.4221968240682341,0.9002681506157131,0.38284232500419213
19,1.0074728161164994,0.6200574163620575,0.38485769821638216
20,0.9782965676019187,0.5883796145624599,0.40434528072217896
21,1.060789448471296,0.6083188201873566,0.4682616268403635
22,1.2187012060080606,0.7004356376227293,0.46208627739966157
23,1.2662136695588753,0.7335333161058321,0.45844280425366857
24,1.2129980257479909,0.7519103506476374,0.42586704628665173
25,2.1270452916871605,2.7132206693198504,0.5434580568817664
26,2.2001905849891696,2.9102224999812365,0.9521584497653074
27,2.2296732209791883,3.0183494437609735,1.0427149899472805
