,Pitch,Yaw,Roll
0,0.13621672845357433,0.2818503228594553,0.07855688908553651
1,0.04875214800061938,0.28729014468957026,0.11916077444658765
2,0.08085403998469211,0.2148934589376089,0.1337914229212813
3,0.08123366139288102,0.2088601653373926,0.12517566020717696
4,0.0560726577066224,0.21390515105694613,0.01312262148865191
5,0.35960072135906346,0.25013949872810765,0.07827141677250529
6,0.0592350216231878,0.21497385419100312,0.1738473299889265
7,0.27967115160073974,0.26148556975793896,0.0801298562176975
8,0.6942796544572482,0.3772986532120044,0.06645540311394106
9,0.16501778115242013,0.3009848470571417,0.14170383122260544
10,1.2998779751473872,1.0361450484617738,0.07491619296319638
11,1.6235597998622253,1.8774760017684295,0.1187583269978667
12,1.1557663846915547,0.8113576739449609,0.12871870518428397
13,1.2923780189127676,0.8698122122317541,0.24938106831823748
14,1.3060707434293597,0.8897744822459978,0.2298643106861212
15,1.3710483026122715,0.9535004834281555,0.27954962352934454
16,1.2765776043111887,0.8123307553459251,0.3370176835825654
17,1.2453824046610333,0.7936485405134757,0.4138668315961603
18,1.9635312322912195,2.6017102508266623,0.3755958561594715
19,2.0959514346149355,2.7267415370140227,0.33493437021284456
20,2.2415284724606086,2.959551628618989,0.7259688932846544
21,2.2394511813414466,3.0244487051185565,0.9376267478738101
