,Pitch,Yaw,Roll
0,0.3263479292370758,0.24134311604435643,0.22429526512042527
1,0.19880348682480253,0.20834734146136535,0.24966157264204997
2,0.12924782202694982,0.21110881077904686,0.35872277601135266
3,0.13796112671198152,0.18536021365170566,0.3469021108509008
4,0.17392725545146898,0.18741637734644545,0.23666682038736306
5,0.16056277083450468,0.17618805078548744,0.22292000753488103
6,0.09927004519523147,0.23347931966466778,0.05483536259554426
7,0.12868073697058094,0.2877884821183434,0.0900425385929923
8,0.13767168378919134,0.18810244956429442,0.25094279992798474
9,0.19126576024390773,0.19030621096345515,0.28658541661209497
10,0.0793464227780988,0.2496969946780344,0.1795720686753251
11,0.1781872059153683,0.2884403624443392,0.19410438106197167
12,0.1689153850154226,0.2853465638126371,0.1815585914703924
13,0.31079407029637635,0.28538404834015096,0.2035130073531979
14,0.5182139527001959,0.3065825807585433,0.08667746244471458
15,0.600132253448187,0.32976849742330494,0.007911036776538111
16,0.3858722440019136,0.3429519467821368,0.02788181312520704
17,0.3123166456179331,0.4054135866397628,0.12308095196281885
18,1.4362686488822802,1.2551683539890024,0.033882353653629
19,1.653352621451512,1.8041499971529613,0.11454390286253126
20,1.0027762591247078,0.6528131823813181,0.2982254183040999
21,0.7254389206067255,0.5311396378041165,0.277096306209045
22,0.9426345247403779,0.5813959049333287,0.3569883671312481
23,0.9469332086934393,0.609856306868028,0.3160325469100892
24,0.9127549433332406,0.6128308373193023,0.32604707265522687
25,0.7970400029049994,0.6067593080257743,0.3216067144697034
26,1.996805608054247,2.5510825157114447,0.3827164026682211
27,1.553025189421886,1.307139897007044,0.28522922154344427
28,0.2830299367872644,0.4328047513581167,0.14851713063941305
29,0.8649681737078873,0.6204426079386115,0.1798762783589675
30,1.1511013483032502,0.7169344424239764,0.3119520667930183
31,1.884555801332623,2.4052852719896545,0.143367595329326
32,2.1521887393708203,2.93558995359508,0.8247315904446584
