,Pitch,Yaw,Roll
0,0.1693498902162697,0.2591366157099486,0.16467380956707173
1,0.0158468959025526,0.2625870337359813,0.20152744573557138
2,0.0961611192848441,0.23412786055277632,0.22889838545290017
3,0.1875518255203044,0.20858388587779605,0.21144225049528242
4,0.1564230495824279,0.19876966775256946,0.1737082643727138
5,0.17171432267016126,0.19666284156289654,0.21804753206103986
6,0.06353888024904,0.21518392410955883,0.1525876849558194
7,0.10411361208012035,0.30193797219979934,0.17731466905412926
8,0.2299862494409976,0.3239105400267711,0.10402792484507829
9,0.42917037594657403,0.31757146844029444,0.22860498092665943
10,0.20640613869376007,0.2344397578560645,0.019759777898488977
11,0.17596041050894237,0.25699000825013396,0.24363935275756032
12,0.3368001851007149,0.31823363208107397,0.353168313667637
13,0.35337438376367575,0.30295965938524727,0.2719941381783085
14,0.35035498840914214,0.25908056101054006,0.062465600164851864
15,0.05398591073294885,0.2544652010573242,0.08945772120334394
16,0.786966461734578,0.43868226391098986,0.23837225817107063
17,1.0643070098699186,0.698962066143622,0.4520647715389879
18,0.4349245264157405,0.6273461202502808,0.39591465831275213
19,0.44116397509172495,0.5920726267192384,0.23534755710643254
20,0.434085333561736,0.4908924105210654,0.13765393432896747
21,1.51338285578503,1.2132005329019178,0.2371951516465437
22,1.6463012049702301,1.6856292626559126,0.22069590699952835
23,1.4463235795032563,1.124277186632839,0.18780284774959632
24,1.873930269166354,2.1263777147464533,0.30168824947621087
25,1.577276141312132,1.1937919224104747,0.466432180343266
26,1.2610741818933142,0.7824423429200565,0.5236111716506151
27,0.864628328771167,0.5976471182989368,0.43181450302659646
28,0.9244434810684755,0.5793689411239937,0.2578831414428091
29,1.9219001452165172,2.8614587897111687,0.18341954769638427
