,Pitch,Yaw,Roll
0,0.04202070795591056,0.27465041058325484,0.20498124223327396
1,0.15308453499264485,0.25288056690711125,0.17209843939833339
2,0.1402671550216578,0.22459920998309463,0.01546612028522465
3,0.12546529660110814,0.2049803296061414,0.020109524053823786
4,0.07359904494948852,0.19587473780033962,0.0326975213063893
5,0.14057808146404996,0.206196959959847,0.054227315164908405
6,0.10525085881658504,0.18258861797629503,0.050627135738005494
7,0.16903570126010306,0.19893538142145156,0.06240892563676021
8,0.41737097610034357,0.2664464938632912,0.047193468332261734
9,0.2784036374816836,0.24580879974642275,0.057931005371052106
10,0.4127032686239652,0.24759302072588826,0.05922973658337538
11,0.47651663711195935,0.2476217981788194,0.10805312675347747
12,0.4759033530981417,0.20981025787592855,0.08357453526417538
13,0.6148660755976357,0.21568125224709755,0.02186437737013533
14,0.621968086109448,0.2224353110486517,0.022186552517414755
15,0.3102912552377964,0.2303166038745505,0.09571745698962913
16,0.3714215186786165,0.22123852581078116,0.08200136313820476
17,0.585846007128495,0.24561633083828205,0.06789468767359903
18,0.5480184586416025,0.2654289867032053,0.03416702801630712
19,1.3856024485919296,1.0655649855941238,0.05970910381891705
20,1.5274970520414877,1.4158215417514604,0.036836379270977375
21,1.1272199994234042,0.7740397989972827,0.12750605180496963
22,0.7975718917168751,0.5104534018113266,0.1575788892704475
23,0.9319053480419764,0.5520121837448559,0.2084853069350255
24,1.0164739111256296,0.5931492294525855,0.274612021639769
25,1.2743998696814915,0.7835120927493385,0.3106026615107592
26,1.8659833937460315,2.465362593179865,0.3287284976178503
27,2.160839509371633,2.9588876758249953,0.3340063692715732
28,2.2085411148766556,2.9952699130338156,0.744881042615114
