,Pitch,Yaw,Roll
0,0.3388160444284638,0.2554348261240107,0.16659449024833012
1,0.09434653663686271,0.2693064359071082,0.21104599979021846
2,0.19936671652760093,0.21847531204934767,0.20865203417067926
3,0.1878059133952923,0.20661225763369223,0.23086055549657486
4,0.18348413182009635,0.18528818076372378,0.2099261808135362
5,0.17579456372228713,0.17906713773630092,0.19720851471595807
6,0.18785590826765325,0.1762438260131909,0.16415079004442684
7,0.16950835390531857,0.22953047358625026,0.13857164041957154
8,0.09827213770334649,0.29812849861103946,0.06759967546696893
9,0.07016027303465823,0.2433973933735687,0.11361220941294081
10,0.018428063124222512,0.23936055872217832,0.2124044883463138
11,0.11958901916776389,0.270858456583255,0.18618016212360625
12,0.8971931797764409,0.7036590036532295,0.11175275429267233
13,1.5084177369773528,1.4858723654359893,0.08329565831158917
14,1.649590211582778,1.7498361243768246,0.1241355111968865
15,1.1361754080583975,0.7546771237895059,0.2915232030202346
16,1.177407314834141,0.8257647197175985,0.18247169876659577
17,1.2516927268804112,0.8916118966107544,0.20082859986479124
18,1.2001464079408077,0.8317781503526357,0.22038933646061082
19,1.177031868621113,0.7763692068410872,0.35030455262277
20,1.024813630166693,0.7123668107856881,0.3454352488101175
21,0.9469573522901833,0.7388655026914109,0.299733442837451
22,1.1579661758526085,0.7855898930944641,0.3808288139124732
23,1.0591508760016326,0.657225010457371,0.47803710813453504
24,1.5214882748198746,1.1148186297348743,0.38873776056587334
