,Pitch,Yaw,Roll
0,-27.003474816045813,-6.772924497647227,-38.55612532425253
1,-3.847070130086589,34.502941607265356,-5.463442619724096
2,-14.662974899654758,31.169470641967468,5.649450595340429
3,-24.931845956895657,25.934383112245737,16.298093344967548
4,-34.97555465084751,22.2988363050175,22.089328510722062
5,-37.55792053233453,16.30753104084253,33.32158437701058
6,-38.98579963822182,12.690046060160107,39.701487475593176
7,-28.73471097294873,6.669138507987602,50.59282190792062
8,-21.742312912588428,8.542227956965094,42.87115892782841
9,-16.995518225737438,10.870687399000296,37.3506216454948
10,-16.187484530621898,15.038164459369229,24.83646677920626
11,-16.852566550546257,18.028705738436802,21.323867516241307
12,-15.422318312670612,16.550605513771053,21.431126713029027
13,-18.0432806896712,14.291907416854244,26.33691158978083
14,-19.54118172741135,9.320871570134631,40.25993888705876
15,-20.32361771473053,6.972819453646535,48.59476265700856
16,-16.016621572688404,5.00682665693371,51.507669386891344
17,-11.23254705968018,5.406771392353022,42.04498211437787
18,-8.841359370183108,4.239523366226483,48.0986153359422
19,-8.150886966972443,2.419329394430746,62.00892112739365
20,-8.781038120777362,7.568531475090285,56.10857034672564
21,-8.565089599091174,11.951736587117114,39.430526370689
22,-7.475206484812478,15.97723917056457,18.146735125849354
23,-7.719225520463072,13.142474882454891,21.472975416856087
24,-8.36293430647377,11.898530337639542,24.242839062848358
25,-7.603980817266028,11.809122789506969,23.67534694538152
26,-3.4793081101328496,13.546017214016292,11.354296531667813
27,1.9448231931015822,15.859446836130566,-8.78497381140504
28,6.915948716258253,14.784171985070774,-35.08019819976805
29,9.18204453220839,18.761462762651362,-45.64693114968149
30,-23.129889038349937,-17.240340400113745,-64.32809646140507
