,Pitch,Yaw,Roll
0,-42.337212965837544,-5.451401113546041,-28.590478271566354
1,-21.241152553320706,30.728062038323312,8.783794964203716
2,-35.636202895085,24.84217918550707,20.12074354485326
3,-33.31123427912531,19.825233269994722,24.355996281184435
4,-30.464594895511198,19.33579250390236,25.26241149091981
5,-19.450892880693953,18.40125888118434,21.561220642247598
6,-10.497257512357349,18.05327212646768,16.74677624716835
7,-6.92555449841282,21.238017718768322,11.434131747009996
8,-7.658729476254789,23.54421878516833,10.213347176423527
9,-9.65248081503306,26.30322050293076,10.867649325510042
10,-11.298249111455613,26.341131072021252,11.623723235176717
11,-16.185285391117127,22.23683497781018,19.739959997877158
12,-24.203382992010727,13.888546277010807,38.10091978295034
13,-27.965139107421496,9.734534005932709,44.486297166494246
14,-25.44583905992145,9.16084835168165,44.96071723158154
15,-19.427239679043144,8.916035051455651,42.16821169310172
16,-15.094946052666275,6.973159127663314,41.98234550650676
17,-12.146228457958161,4.5994731297792475,49.904420424241515
18,-9.846696420788886,6.479554263153417,41.90375505278541
19,-9.362120974239904,5.628462641692345,45.40652822178668
20,-8.348327201038641,10.177295470455798,28.966342669772114
21,-6.36604622304333,13.492412358835939,21.042119013247707
22,-4.615140665194932,17.51354670697112,10.585746161691526
23,-4.161676919038571,17.221342060200953,9.472840661720818
24,-4.978677612130857,11.374873487790348,29.647088814067803
25,-6.479954834412949,10.776555784928373,32.07500828041945
26,-7.320372400734888,7.889286944178286,39.826472040987106
27,-6.5370581092701014,11.937947096781564,20.968258618673254
28,-5.457613319268588,12.078594797946094,19.41132227543848
29,-6.427729413785149,14.513611857887074,15.652617981053565
30,-3.6719078166159607,15.847110621684873,6.401285792725139
31,1.5786385302448758,8.130497394913403,-8.102757253723576
32,8.130840853061626,3.036533313561912,-29.12194972944298
33,-23.07520710153695,-32.69606223120446,-54.38591919739163
