,Pitch,Yaw,Roll
0,-34.635840800234654,-2.134400364805399,-31.401025579090412
1,-8.665482861464335,37.55152022353525,1.8231780412109662
2,-23.39911708303482,33.535825583646165,11.275436411812754
3,-27.466368769654768,28.540057468387033,15.351544298911186
4,-31.031500218830118,27.147097211733076,17.67416757923404
5,-21.137995480271613,24.721316174428413,15.839751242189164
6,-12.600567061328379,24.999707854259057,11.627417244590893
7,-6.387571506377839,29.11468909136175,6.917423348415558
8,-5.593128964744087,35.015965809402886,3.9797797951996463
9,-5.235607117732354,35.6977964754342,3.3093939867297903
10,-8.437814931313666,23.986304871470622,19.43985189802638
11,-13.364249818519568,17.31514355380174,25.70993146191436
12,-17.06772149693773,11.936082183178206,32.14770982416674
13,-16.76521141857594,17.908052264137815,21.097841830424848
14,-11.548334074191052,16.427068737701102,18.637687305102876
15,-8.70683691382981,16.67612092287595,15.52257029255439
16,-7.124714324441287,17.347472763392847,13.286048521160446
17,-7.930520852309317,23.62889308235294,10.419739202327015
18,-8.277711637988915,21.327282609625897,13.751144578683864
19,-7.853985728070507,18.585077505300436,15.456126982859542
20,-6.32237637881412,12.145400243792556,17.665339762089488
21,-5.646635163525364,11.242628855402254,18.989690826071204
22,-5.838593262594802,10.139556296794343,21.424903905040626
23,-6.5219960566752135,9.733430374343023,23.42140952731862
24,-6.575843743791501,11.534058273155042,20.31322062482496
25,-6.473037329257194,12.475857535706655,18.926363409775185
26,-7.782023816838039,11.852316992048628,22.67550368138657
27,-11.002515299882159,10.085403737594866,31.308301484374926
28,-13.71779027878282,8.279506522096778,42.162949368838426
29,-13.816896728050006,6.905939943180859,46.19556296412992
30,-11.705841601116097,6.878595551072315,46.1980447245168
31,-9.982963059424454,7.07310601342209,40.66214415756165
32,-14.32943813733638,6.280065933865999,44.790184184458354
33,-32.743867293237265,2.553572472687786,56.560886317752995
34,-48.68254874491889,-7.184229567916514,59.94075482469217
35,-52.71108792152803,-12.760749986833709,64.32363235027266
36,-41.868437790425965,-2.9218353384199496,48.23216317258711
37,-52.57258102563314,-26.008940030587883,3.099307929434608
