,Pitch,Yaw,Roll
0,1.1322038047700957,0.6741971822124101,0.24324087689978782
1,1.0657105738138468,0.7368257454571693,0.013729268185820456
2,1.1592682776041947,0.9139804715994996,0.12602623774654778
3,1.3193687072181366,1.2508401332201733,0.03381910760480333
4,1.2379959836194094,1.288916967973447,0.2973447729502103
5,1.2092865751834343,1.1723056466349444,0.03591408577270334
6,1.0649695804239345,0.9644856281082219,0.2002497114838774
7,1.0699503940692439,0.9386315897355266,0.1783394015225534
8,1.074761578629819,0.9124497668342031,0.15646396071857135
9,1.1143386669956203,0.6128477701764092,0.07627997166858135
10,1.1165991392662515,0.5855851435614577,0.09627747695938399
11,1.1186285342888023,0.558493769922697,0.1160212135326559
12,1.0011614491785068,0.48196927583419336,0.41913283255032074
13,0.42197812592471423,0.3268949626959716,0.4833431090008542
14,0.03270568597307149,0.24396344253082763,0.35760302695968776
15,0.13265830392315325,0.1876340420178647,0.379226955378592
16,0.012456097745890123,0.22468359092996978,0.26548425911926177
17,0.3084227547842455,0.2315347578070309,0.1483740963943171
18,0.14692517779523745,0.2201934980204221,0.27669661661958694
19,0.6162650189666206,0.28096685334173394,0.0697457811381695
20,0.5338132995868223,0.26394981611736806,0.13439449660830044
21,0.2592017642086147,0.23761053801785179,0.20379026821391524
22,0.3670632718595401,0.24892751582876274,0.09901785215110745
23,0.46138783745824835,0.2507447253498665,0.02855073456354158
24,0.3014662517481449,0.22904747307025888,0.2038345391648522
25,0.37025917421440013,0.2774511938275615,0.1952582422651346
26,0.18591636937094713,0.30061454634149914,0.15004293204117672
27,0.2090508355424058,0.3288295645712678,0.21060908170893194
28,0.3665619933756587,0.3186339877007829,0.24645655113217785
29,0.480182284218242,0.3937301115362543,0.20469354441523133
30,1.7395835743442567,2.290771551268786,0.029455212460207915
31,0.8478711173234833,0.6219520474438823,0.104671092589385
32,1.317813087902799,0.8932555298085312,0.2352371400597779
33,1.3415519226079065,0.9370798749432444,0.22527314157916348
34,1.4074790008507334,1.0419550625477758,0.22787315754440296
35,1.387660972525736,0.9793210967527516,0.29684563769043504
36,1.4276478401155364,1.1221101062980363,0.2637177366996901
37,2.0920290663267154,2.696990834689561,0.46335089470827223
