,Pitch,Yaw,Roll
0,1.2589039869172085,1.0408444518998778,0.027925588331751263
1,2.047224562802951,2.63316801170152,0.23922105727767437
2,2.216317974572764,2.9798646899818007,0.6117340531568207
3,2.12680829337063,2.8471969202064464,0.9060539061214483
4,2.0403439633405265,2.776013696989344,0.8495157963683594
5,1.9236392855468938,2.6550282874930704,0.8523966383312592
6,1.9139826412497516,2.64420943179514,0.8002257780683908
7,1.9030868377878336,2.6318661299033663,0.7441270501868977
8,1.7326719159288724,2.3948885646805214,0.17367060319307687
9,1.6915358832206613,2.318808529776008,0.09560952355732923
10,1.6418588775753167,2.213353305633249,0.01890643833457678
11,1.5812074900079474,2.061870844709565,0.05560435341290523
12,1.506364622497161,1.8397943065571079,0.12723093514328238
13,0.4189796500143664,0.4048454464748547,0.06303079866952613
14,0.07769746137920755,0.3257365035329534,0.1036071703340051
15,0.260020767601155,0.3353989069946772,0.07191535410145825
16,0.19617886896032166,0.31735222979284416,0.2460504476989382
17,0.3500223837593824,0.31131644695373956,0.19701991161145124
18,0.2618188329677395,0.2940147349226178,0.1865804905171334
19,0.3809509881627249,0.3185514734978305,0.13695638805590882
20,0.42164908880962076,0.30855562685509197,0.14107043178080694
21,0.6759747949015839,0.3982695258917694,0.14202533952944182
22,0.36280910567828223,0.41303357483062014,0.25865095808143906
23,1.6122381330116635,1.7929627223761009,0.10362935562129859
24,1.807235406171598,2.4037116086476606,0.009924796576572966
25,1.2294062613243286,0.8594797369371961,0.12677822316702045
26,1.4288229043951988,1.1097283255725199,0.1761256595759491
27,1.5719038021216274,1.4124420101182689,0.22605544471680514
28,1.6324445054826704,1.5881492365880812,0.2353522203951437
29,1.6535056768791672,1.6383488038278669,0.23674295298050568
30,2.1090276311736464,2.7819944960101797,0.43502661797176717
31,2.183969296111777,3.000492311853413,0.5889987698785785
