,Pitch,Yaw,Roll
0,1.3746501723554614,1.018490897031032,0.17723510096007514
1,1.3002890418979507,0.7758657649207209,0.4667000679057431
2,1.9094073100845939,2.439929491364305,0.6126581825720708
3,1.886240792512898,2.3756952232358466,0.3903524122372682
4,2.0999315435037396,2.7772170964656646,0.32763257525660633
5,1.6993160410927781,1.765615437563808,0.2669037140220242
6,1.0177991476168275,0.7475390823390131,0.30654570784690616
7,0.9266964094182852,0.511615208510518,0.06403493514263252
8,0.9372195595376402,0.5630335284315758,0.004938101067518984
9,0.8110021809685865,0.5110786940961598,0.06443307134584947
10,0.6695427781077294,0.3787136345951001,0.029387469504131396
11,0.8593629706734232,0.3414801357556483,0.13123307609963739
12,1.2186682831781415,0.5513350130283492,0.07164130280253678
13,1.2345450025110756,0.548619804966994,0.08223765301175189
14,1.253825123195843,0.48797894109596385,0.11236147140487261
15,1.0229206454582753,0.36457358617720914,0.15381521612455618
16,1.0942843271861105,0.4707286839401966,0.20072924755403412
17,1.0337709184044612,0.4385379932619887,0.24587254602787953
18,0.8793938235750345,0.4704922692113912,0.24419214673135822
19,1.2690917492175562,0.8809836160269656,0.09625151565848405
20,1.2711458258925867,1.046187904994827,0.18134315326034106
21,0.8698534673186992,0.6871312342421874,0.22149124389777822
22,1.2716970710952296,0.8071598564331872,0.019382573467929123
23,1.207842016215028,0.710994324996053,0.005159723491586781
24,1.2194720997912951,0.7985038914162972,0.014770273640753341
25,1.1957977661031127,0.7744219723571393,0.011328550367094197
26,1.2421549246059707,0.6968434109491057,0.0652111673013089
27,1.145767190064023,0.5745163296683767,0.06262401423210791
28,1.355297289010674,0.8325891573452082,0.06532539571874924
29,1.792673705855132,2.3945454875488603,0.12906217535134268
30,1.826331878313248,2.387436241001816,0.024254804791884604
31,1.431629956278703,1.1972610099111247,0.11430199958764489
32,1.3412440883757364,1.0966937012019853,0.03176809394142223
33,1.5821448945863705,1.5883512401648379,0.031150260942148445
34,1.6516845371426008,1.8375866587005545,0.04193192189536099
35,1.5713327500012444,1.6942013336530097,0.08016495836608847
36,1.3402785430283808,1.0146777116041803,0.28506522149937075
37,2.187206112526869,2.9547033985405817,0.44312958599054203
38,2.2560093833788737,3.0136535904329613,0.940807109332272
