,Pitch,Yaw,Roll
0,1.466113097994198,1.2552421079247842,0.009360773579894304
1,0.03378746018607544,0.32795234433204457,0.0941246383559326
2,0.16441905326149528,0.2555662580581344,0.26630996160759846
3,0.14567797441966923,0.2318303206198809,0.31791328931790774
4,0.1184442726580757,0.25854234394591313,0.2366198669816185
5,0.09300430958247151,0.22621281354132908,0.15529196346338472
6,0.12150768257914263,0.23810942149749087,0.17844390851064615
7,0.08972744319102267,0.27092372320056024,0.06081188184374289
8,0.0935619005168722,0.3080651956183068,0.08198416347235948
9,0.11898461042749886,0.32412338484565073,0.06844582795374202
10,0.12690126723985176,0.26725950102319346,0.13672932449075795
11,0.03869486715375259,0.21700970111120352,0.21828384551206784
12,0.1246318744627556,0.26702095639730394,0.19592148825989006
13,1.036409369373207,0.7174172308000635,0.022969301185187665
14,0.39702298908829997,0.46093880825982725,0.17816903228305006
15,0.7054201153304398,0.5500364552369306,0.28750751371329064
16,0.5207623490628379,0.4911178969157386,0.2690411002589895
17,0.6103720791349468,0.5079422208234436,0.3322740326586211
18,0.668174031613698,0.5147101613415781,0.3642680274649335
19,0.7304192265145395,0.5262463015105583,0.40230114019030117
20,0.8299264160976839,0.6037611732456675,0.42085716918531185
21,2.2091263998857955,2.9583960261957527,0.6484169968602366
22,2.249510896285922,3.0027705516321754,1.0583994291895802
