,Pitch,Yaw,Roll
0,0.009908983259145706,0.24560721775359895,0.24400704509970883
1,0.3713083154447099,0.32197769447874414,0.2070469860194962
2,0.6084089191440473,0.35472626957860665,0.032133356611064
3,0.5428720069188763,0.44679706709818695,0.08475262434005927
4,1.7790867818037024,2.1645533824817975,0.02641661272349454
5,1.803121530246129,2.2658229555025775,0.09830266261817623
6,1.3492660217112906,0.9732213315576403,0.24708274329473656
7,1.476151808739516,1.1300482865766193,0.30080675544113833
8,1.5482142946717992,1.3700627432375676,0.19303846899477348
9,1.6189795450547222,1.5348769101626956,0.2506746634292924
10,1.6577939726711601,1.6534312287017279,0.26264784766663746
11,1.5327158128568785,1.2784912344249284,0.27366094221156934
12,1.1195030914069055,0.8179340790416716,0.22363396081737189
13,1.1804089563341482,0.8251013491508208,0.24132201067576062
14,0.913651956714459,0.6485251326684714,0.34946634404823956
15,1.618386827504683,1.7171640874004197,0.08799823667686446
16,1.3927906982280214,1.1138659457167237,0.042728644137700736
17,1.4998470476174464,1.341817822509156,0.06348975952912246
18,1.459759004951272,1.1686883445426612,0.05037867786700014
19,1.2579586188510306,0.7513631416873376,0.03853380305034545
20,0.9422677611382736,0.44305060731227214,0.01148766102516057
21,0.6758370567844529,0.3574881246344984,0.05595180151891803
22,0.8217025642169907,0.4133936848625327,0.04459707245281476
23,0.95535722013526,0.46762439750041046,0.033881161553776046
24,1.1190444195956193,0.5802773068786781,0.01202394110333992
25,0.9395760361724147,0.47317853441466307,0.07197374884702916
26,0.7619035450853547,0.38656264421029957,0.11255412834503083
27,0.60139096535768,0.34558625093343304,0.11481665790092216
28,0.872151278089733,0.43152771852693417,0.024312906573251795
29,0.9709617144541511,0.37925473959285516,0.07055449907972274
30,0.9463604567667045,0.37895267320055603,0.010235988477231533
31,1.146558277098931,0.6792996940329604,0.00420090253830729
32,1.1135227587585628,0.5292487784495399,0.3196518243688749
33,1.2848060961023555,0.8515892963442528,0.25506308874238726
34,1.4563839457481962,1.1128416483656134,0.251861101670952
35,1.505572162919815,1.2518291589313018,0.2270766320770018
36,1.5060233026458203,1.2413757384873043,0.2477367335966843
37,1.5063390790011806,1.2146236906249912,0.28890087710037643
38,2.022048373591677,2.6409815263854695,0.360971817152224
39,2.197726714493149,2.960686651446423,0.7224648912345535
