,Pitch,Yaw,Roll
0,-38.63577185260523,-24.543260930472304,-9.483716479314127
1,-11.961758217048835,4.777691414472584,50.503313675414304
2,-9.613885213622636,1.1338010113603536,48.32141310665564
3,-4.935078776708426,-3.3337978472305303,47.45584765156336
4,-3.049589444368352,-2.3412619992369823,40.36036253360147
5,-3.9739014567871416,-2.4227189874976496,47.21093504715895
6,-5.713967495169236,3.2927735044907256,44.44836608141516
7,-7.470181528591061,3.348943548902164,45.71101757713084
8,-6.663555292407161,4.262231680669064,48.30458956619942
9,-5.169996386263067,2.0502397777320702,46.795772826610985
10,-3.010628914952372,4.439717072335181,28.020932181739294
11,-1.9785842197853516,8.553485976067085,10.149111952213444
12,-1.6433386235931688,9.85512969722154,7.341785434419863
13,-0.56146476770083,13.382041833763681,1.1772465684354412
14,-2.237715868707825,12.06354933446572,10.353476530340263
15,-4.4420804144184345,10.576058125237713,20.27791986934386
16,-5.563671016554453,6.194453727489694,28.300983803020355
17,-4.2515292365124635,6.258589984945419,22.576337192414666
18,-2.336814991347411,7.624874979560418,13.724704927658681
19,-1.9236614497761229,8.909028691167793,9.301888141165081
20,-1.2795673004297268,7.985739004947501,3.787031804604812
21,-0.9429917089107159,5.543611129581156,5.2149121103918645
22,0.14934876943202324,5.8975331196255905,-1.3150939180947603
23,1.1195937919862957,10.72908988167106,-5.359155779124275
24,2.51536672702351,16.695601928858885,-13.811696547604923
25,2.170746521176812,18.740654602001086,-11.509581083221306
26,1.1485989371731542,17.62185697291003,-7.267402697887156
27,1.191632979737204,15.165119315569187,-9.833581005192572
28,1.660035545262409,14.035369602823176,-12.49501273379032
29,4.745293829468698,19.45200627421818,-32.95056726538995
30,6.223685592586914,7.431247267597447,-33.64146187115418
31,8.028658708790626,1.3482289930185805,-46.40940209852306
32,7.953851833477115,-10.227027703489881,-38.672573516778264
33,-24.647035779654903,-32.98199982331722,-60.64116087688865
