,Pitch,Yaw,Roll
0,0.21082106894976016,0.2650956238451738,0.1830865288441123
1,0.1485881696988933,0.23495922744476866,0.14378089769752447
2,0.02131570539683942,0.23395829726997852,0.034619477405308616
3,0.27530937014712403,0.2725021614829217,0.07077490399927781
4,0.22427414779830007,0.20891185305614174,0.05538423218863803
5,0.3999054691783337,0.24143085685898152,0.047940232036959206
6,0.3733449592574339,0.29328609893552987,0.05993511598526328
7,0.23612277064755077,0.3207937770774119,0.041250928842044954
8,0.11555035651061561,0.25650589785222705,0.024559229155801197
9,0.26105328134335143,0.27278501792145476,0.016618954933137194
10,0.4810272968690043,0.31187256553234916,0.01692943614356532
11,0.6745577000660093,0.3479780204313599,0.08809003739979257
12,0.479023288277992,0.36703796845758246,0.004945159248060463
13,1.4681821339806715,1.4165590610073007,0.10448044966127965
14,0.5848815420357204,0.5859375207810035,0.07559762180613992
15,1.1053687659248865,0.8153410126483106,0.05824159101053446
16,1.2916252450804837,0.994475394852194,0.09431813935021169
17,1.2398082532345351,0.8967109457619514,0.13967409335096365
18,1.1552745263289914,0.8386522777011512,0.08344515819453671
19,1.0291153591819713,0.7719784958805804,0.09020749043619121
20,2.054328362721364,2.7749633115293144,0.2969703275080734
21,2.2458251156007956,3.030215417074243,0.8667374110439909
