,Pitch,Yaw,Roll
0,0.009908983259145706,0.24560721775359895,0.24400704509970883
1,0.3713083154447099,0.3219776944787438,0.2070469860194962
2,0.6084089191440473,0.35472626957860665,0.032133356611064
3,0.5428720069188783,0.44679706709818723,0.08475262434005665
4,1.7790867818037026,2.164553382481799,0.02641661272349454
5,1.8031215302461299,2.2658229555025784,0.09830266261817623
6,1.3492660217112908,0.9732213315576407,0.24708274329473656
7,1.476151808739516,1.1300482865766193,0.30080675544113833
8,1.5482142946717992,1.3700627432375678,0.19303846899477348
9,1.6189795450547249,1.5348769101627036,0.2506746634292924
10,1.6577939726711615,1.6534312287017336,0.2626478476666379
11,1.53271581285688,1.2784912344249315,0.2736609422115697
12,1.1195030914069055,0.8179340790416716,0.22363396081737189
13,1.1804089563341484,0.8251013491508208,0.24132201067576062
14,0.9136519567144622,0.6485251326684737,0.34946634404823856
15,1.618386827504683,1.7171640874004195,0.08799823667686446
16,1.3927906982280216,1.1138659457167255,0.042728644137700736
17,1.4998470476174464,1.3418178225091562,0.06348975952912246
18,1.4597590049512732,1.1686883445426641,0.05037867786700014
19,1.2579586188510334,0.7513631416873429,0.03853380305034545
20,0.9422677611382723,0.4430506073122727,0.01148766102516057
21,0.6758370567844529,0.35748812463449875,0.05595180151891803
22,0.8217025642169907,0.4133936848625327,0.04459707245281476
23,0.9553572201352586,0.4676243975004095,0.033881161553776046
24,1.1190444195956193,0.5802773068786781,0.01202394110333992
25,0.9395760361724146,0.47317853441466307,0.07197374884702916
26,0.7619035450853533,0.3865626442103002,0.11255412834503083
27,0.601390965357679,0.34558625093343304,0.11481665790092216
28,0.872151278089733,0.43152771852693417,0.024312906573251795
29,0.9709617144541525,0.37925473959285577,0.07055449907972274
30,0.9463604567667045,0.3789526732005569,0.010235988477231533
31,1.146558277098931,0.6792996940329604,0.00420090253830729
32,1.1135227587585625,0.5292487784495394,0.3196518243688745
33,1.284806096102355,0.8515892963442515,0.25506308874238726
34,1.4563839457481969,1.1128416483656176,0.251861101670952
35,1.505572162919815,1.251829158931302,0.22707663207699982
36,1.5060233026458205,1.2413757384873039,0.2477367335966843
37,1.5063390790011808,1.2146236906249925,0.28890087710037604
38,2.0220483735916774,2.6409815263854703,0.36097181715222426
39,2.1977267144931485,2.960686651446423,0.7224648912345532
