,Pitch,Yaw,Roll
0,0.3263479292370758,0.24134311604435643,0.22429526512042677
1,0.19880348682480253,0.20834734146136535,0.24966157264204997
2,0.12924782202694982,0.21110881077904686,0.35872277601135266
3,0.13796112671198152,0.18536021365170505,0.3469021108509008
4,0.17392725545146961,0.18741637734644545,0.23666682038736353
5,0.160562770834504,0.17618805078548744,0.22292000753488153
6,0.09927004519523147,0.23347931966466826,0.05483536259554426
7,0.12868073697057922,0.2877884821183434,0.09004253859299477
8,0.13767168378919134,0.18810244956429442,0.25094279992798474
9,0.19126576024390832,0.19030621096345574,0.28658541661209497
10,0.0793464227780988,0.24969699467803397,0.1795720686753251
11,0.1781872059153708,0.28844036244433957,0.1941043810619757
12,0.1689153850154226,0.2853465638126371,0.1815585914703918
13,0.31079407029637707,0.2853840483401506,0.20351300735319902
14,0.518213952700195,0.3065825807585433,0.08667746244471458
15,0.6001322534481858,0.32976849742330566,0.007911036776538111
16,0.3858722440019136,0.3429519467821365,0.02788181312520704
17,0.3123166456179342,0.40541358663976307,0.12308095196281885
18,1.4362686488822853,1.255168353989018,0.033882353653629
19,1.653352621451512,1.8041499971529613,0.11454390286253126
20,1.0027762591247071,0.6528131823813182,0.2982254183040987
21,0.7254389206067244,0.5311396378041163,0.2770963062090499
22,0.9426345247403782,0.5813959049333287,0.3569883671312481
23,0.9469332086934364,0.609856306868027,0.3160325469100892
24,0.912754943333241,0.6128308373193029,0.32604707265522687
25,0.7970400029049995,0.6067593080257746,0.3216067144697034
26,1.9968056080542473,2.5510825157114447,0.3827164026682211
27,1.553025189421886,1.307139897007044,0.28522922154344427
28,0.28302993678726757,0.43280475135811775,0.14851713063941305
29,0.8649681737078873,0.620442607938612,0.1798762783589675
30,1.15110134830325,0.7169344424239763,0.3119520667930187
31,1.884555801332623,2.4052852719896545,0.143367595329326
32,2.1521887393708203,2.93558995359508,0.8247315904446584
