,Pitch,Yaw,Roll
0,2.1567714166700918,2.8842525706921887,0.7470705825659275
1,2.155018450430311,2.8830175309060784,0.8243220992425461
2,2.1474268149507116,2.865222426733537,0.9166145446916344
3,2.132036923779075,2.85072908806152,1.0117812355830227
4,2.108934572751477,2.8050723754978293,1.115068871540093
5,2.0666863922173406,2.780282181920016,1.0925784203589106
6,2.0431181277185653,2.803501974550963,0.9425734031718321
7,2.0564737753404594,2.8586162409304032,0.8093763642173135
8,2.081877383243483,2.9245980961503464,0.5470748058669203
9,1.92186360712287,2.7663370160665486,0.42850311501430666
10,1.7091029726630185,2.1792275183265044,0.36173791340335937
11,1.2041613303741623,0.5892024981166352,0.2794361543831087
12,1.1931624575229085,0.5609856894143149,0.2316596326756773
13,0.8829931563690432,0.43424946578126394,0.06153309272555205
14,0.7573589040248718,0.3969425231460612,0.0001685617624009079
15,0.8256207336149832,0.4180715569405886,0.033497578494106284
16,0.8894468147939283,0.4443827358074724,0.022145187200552502
17,1.0473080971958948,0.5324124877620838,0.011857315578393656
18,1.5229407952003848,1.2275769682811704,0.134057193072528
19,1.6057292457935126,1.4805122824643708,0.2599526003029861
20,1.623673743582287,1.659732976710853,0.12891767936111187
21,1.6298370743854385,1.6868187870106732,0.09444216679780225
22,1.4478751508028478,1.1325650492804509,0.007202125584798804
23,1.6294237580789632,1.7835537800776182,0.04981054619723596
24,1.7057907913998742,2.202486690693655,0.17172508513767185
25,1.643508067214934,1.8455682799849416,0.21496692480627752
26,1.565344530057522,1.3852742563068832,0.12615788784534437
27,1.330499696715318,0.7343067768793814,0.119773360852887
28,1.7271530431561826,2.1051829181394175,0.024133813297121137
29,1.7821881565665416,2.210025125290374,0.13680465569395783
30,1.5760427218558728,1.5493715564634785,0.0574920189839078
31,1.674789780000167,2.0033729975684147,0.007518300123242155
32,1.7890922825923625,2.392585233319622,0.019934010224537443
33,1.8170970038703316,2.427033909399256,0.07501502820602962
34,1.8134090799963363,2.377265827685035,0.0670767499537795
35,1.9601494123538745,2.6376356967209906,0.35528505030670343
36,2.2091853602788656,2.9912147509861837,0.5032161824878905
37,2.2588068432773136,3.071763463979438,0.7391617148380287
