,Pitch,Yaw,Roll
0,-26.905030043178446,-12.501850121568266,-41.920063365048435
1,-2.9709208700304077,31.06839863615885,-11.307301216507645
2,-10.7406513805926,38.15433341463207,19.55078581909534
3,-10.136772131131142,36.39067236179378,16.807354459584076
4,-1.7330975130251123,32.007417055521046,7.220642675704456
5,7.255088567966952,28.291389535574588,-26.504534954766406
6,7.106213624558109,32.37582606108434,-24.797729796131257
7,7.576873881748636,40.894454750857236,-22.20569582473217
8,5.953478948208473,39.69691851673549,-17.432212592880333
9,5.747393693641174,34.05459318499596,-20.609072747053133
10,5.350132725960815,26.278492547421102,-24.01336925011964
11,7.590156804397448,36.70174623796576,-26.677676658970807
12,7.127128605126603,44.32049248053365,-20.547838700007052
13,6.345186295658979,51.05430419084288,-14.263548988363754
14,1.5038187908473424,50.84557753704313,-7.983679732104344
15,-5.204431639775975,50.52802336374201,-2.6673101110380864
16,-9.61172714909692,47.15714394460216,2.229269116178702
17,-8.769173369565927,43.00590875499737,2.9477254122520673
18,-5.26976809029731,38.38589309449418,2.6107131606042056
19,-5.256224050122663,37.1336047079385,3.005829606231253
20,-2.899657468254825,35.925594835644475,-0.9488312480305066
21,-0.04872490430508,35.17654440259023,-6.732630890092432
22,4.175229310282126,34.7804349651776,-13.083598508423043
23,3.7385960788080936,27.35161030299023,-14.387535247705028
24,2.9055577864303106,32.887104835399725,-11.661349385476068
25,0.45656943429219016,27.147195130988315,-5.657292263927449
26,1.6609450956845524,31.27154149379997,-8.284645843708656
27,3.5220472391890727,29.304138845840285,-12.666982338615503
28,5.7424514798873405,31.12501016784801,-19.355151729859124
29,4.037802487467511,28.125912128653844,-13.762716670244252
30,1.7756616884613365,19.586491677090102,-9.158089538502923
31,0.8954885954647361,17.37111826134172,-6.031974669520132
32,1.3539476083228768,18.7458950733402,-6.969530005885512
33,2.088684053279848,20.786938602528384,-8.768084144045154
34,1.909755409008652,21.95102340097661,-7.933002145026897
35,1.5479016664313812,23.170254154068722,-6.627015642621632
36,1.8304087661843873,22.48065958144178,-7.478795140341847
37,3.8505251658077015,29.51025140988238,-11.091233550569791
38,6.592815593782584,22.36184603247058,-28.90332247949227
39,9.095251620988055,26.928253488218747,-47.67840147073486
40,-23.09662244666512,-16.77506731137144,-72.78185325796322
