,Pitch,Yaw,Roll
0,-38.85520167011697,-3.6342236988509744,-27.053208373337743
1,-8.241329376316077,36.272406688473886,1.0285592711760019
2,-6.5581333449757935,33.41766186043484,2.685940558159918
3,-11.464207409733183,25.586032295084838,9.692100732014001
4,-15.995851032437832,19.45077893547166,22.066042667101115
5,-13.27939082631282,16.31544051780991,23.904086922835983
6,-11.284953801302308,18.680189950816153,20.67534163144963
7,-9.824776236407478,23.780108460154946,13.057965212966312
8,-8.759786421212596,27.245322048758933,9.328624642720584
9,-9.275551116422893,25.13383343791221,10.800128019530133
10,-12.166704022641174,20.412979900719588,16.291379787361667
11,-14.583739372140379,11.323528142787087,41.36093233179859
12,-15.509273625257677,6.000160145227147,50.94696915431292
13,-12.549625005706234,5.257803444658191,50.50370438665197
14,-10.886641898613268,10.169295294691015,29.403713166587508
15,-9.16753826539374,16.05955833116312,18.932634581944477
16,-9.075327933187227,18.134675842706464,15.739887294712243
17,-7.781287164490349,18.572336823779544,13.722940319661339
18,-6.819353571706162,14.761392450346294,16.93786825805701
19,-5.98692428638116,16.517625195755294,14.895831217075305
20,-5.533640061017393,17.233890983302686,13.848926516780221
21,-5.144937359985996,20.316151532705778,9.94826816495751
22,-5.674715214976384,20.10974606943465,10.811523571122873
23,-6.859988122233726,20.26485713047553,11.945698725777078
24,-9.873721737958139,19.06751252207208,15.822674501174463
25,-13.086607641484541,12.564701996304398,36.9028157363391
26,-14.480588839129252,11.284021026681515,39.94143964090431
27,-10.421682002667835,17.940202629198982,32.55042960083301
28,-3.4995827227690923,32.79245449388279,4.54829315667419
29,3.971868252266485,20.54621384539377,-23.73147630043453
30,-25.321382645908198,-21.555337256236086,-53.6587072592892
