,Pitch,Yaw,Roll
0,1.475680753912331,1.21830171794751,0.0399038669618976
1,1.5703010563587823,1.5086655342122397,0.07804514224710837
2,2.045697593290545,2.7531472747127075,0.13388501874158537
3,1.8864722184718068,2.4693052413517353,0.21937770777620375
4,1.4460075408658661,1.1404153032572164,0.22532171376468677
5,1.4889249866926122,1.2872915010178145,0.11963173153632108
6,1.559656151575494,1.442412680474342,0.12871715805640818
7,1.5623273472163715,1.4415665646484426,0.14048035809514425
8,1.5539238104316513,1.4119962323052284,0.14457595494048828
9,1.504407394326445,1.319816792278784,0.10462676363849135
10,0.9274257854275123,0.7046537573102062,0.09776903546978002
11,0.3813176367359932,0.4663970127550281,0.2669799978898456
12,0.25143710568256894,0.4025328229769998,0.3058283220739452
13,0.3561147111860357,0.476136021154467,0.20656953548261678
14,0.5568889031636952,0.5230564103485836,0.2549055436814923
15,0.03689490877364793,0.3752702864767218,0.08757418058652525
16,0.06626965862584083,0.35890052572895964,0.04631014116302394
17,0.19177761657076423,0.3757501638496455,0.09338064184365708
18,0.4376462134157988,0.36046444968247987,0.12534241702383112
19,0.362688368910645,0.28607136070410105,0.12277384075185228
20,0.25045555397468167,0.22505485920176846,0.1523616312581853
21,0.35491321774920764,0.2412883799882741,0.1251624450391451
22,0.4917544095566292,0.2475842159562524,0.15709240380275913
23,0.7296610397323673,0.27837790958978037,0.039943418143868675
24,0.821184465496277,0.29657279599701275,0.05022639069367175
25,1.4230285923771149,0.8004599537912533,0.054494366741490365
26,1.3542630374115272,0.6709062684788721,0.013856577762116384
27,1.314894037855892,0.605248548017011,0.015133990088928498
28,1.0929382130932321,0.5119182702331324,0.032429960487420556
29,1.3438502525226366,0.9885244609945347,0.056687779915460444
30,1.3612618679088135,1.0904872162953079,0.0412692053532818
31,1.630672824423797,1.8346940204577087,0.005389208970993206
32,1.604879099032963,1.6828732130988349,0.016420328268438634
33,1.5936845813334677,1.6186792488798494,0.05012719588391304
34,1.6407431383156232,1.7515765240173755,0.08983402470227762
35,1.5827380789646743,1.5146176091970058,0.12322472045300463
36,1.5291577181561322,1.3711379882301677,0.12754140143301004
37,1.522928425007244,1.5327308965204003,0.007281620417176486
38,2.1337503728642977,2.8016427483651483,0.6156714102552404
39,2.2665250756834086,3.038302574996649,0.8813083148880277
