,Pitch,Yaw,Roll
0,0.21082106894976016,0.2650956238451738,0.1830865288441123
1,0.1485881696988918,0.23495922744476866,0.14378089769752214
2,0.02131570539683942,0.23395829726997852,0.034619477405308616
3,0.27530937014712403,0.27250216148292133,0.07077490399927781
4,0.22427414779829957,0.2089118530561412,0.05538423218863803
5,0.3999054691783337,0.24143085685898152,0.047940232036959206
6,0.3733449592574339,0.29328609893553026,0.05993511598526328
7,0.23612277064755077,0.32079377707741263,0.041250928842044954
8,0.11555035651061561,0.25650589785222705,0.024559229155801197
9,0.26105328134335054,0.27278501792145393,0.016618954933137194
10,0.4810272968690043,0.31187256553234954,0.01692943614356532
11,0.6745577000660102,0.34797802043135956,0.08809003739979383
12,0.47902328827799345,0.3670379684575831,0.004945159248060463
13,1.4681821339806715,1.4165590610073007,0.10448044966127965
14,0.5848815420357164,0.5859375207810009,0.07559762180613992
15,1.1053687659248839,0.8153410126483079,0.05824159101053446
16,1.2916252450804837,0.994475394852194,0.09431813935021169
17,1.2398082532345336,0.8967109457619491,0.13967409335096365
18,1.1552745263289923,0.8386522777011485,0.08344515819453671
19,1.029115359181974,0.7719784958805841,0.09020749043619121
20,2.0543283627213644,2.774963311529315,0.29697032750807073
21,2.2458251156007956,3.0302154170742437,0.8667374110439905
