,Pitch,Yaw,Roll
0,2.1567714166700913,2.8842525706921878,0.7470705825659266
1,2.155018450430311,2.8830175309060784,0.824322099242546
2,2.1474268149507116,2.865222426733537,0.9166145446916336
3,2.132036923779075,2.85072908806152,1.0117812355830227
4,2.108934572751477,2.8050723754978297,1.115068871540093
5,2.06668639221734,2.7802821819200165,1.0925784203589117
6,2.0431181277185653,2.8035019745509624,0.9425734031718321
7,2.056473775340459,2.858616240930403,0.8093763642173135
8,2.0818773832434827,2.924598096150347,0.5470748058669207
9,1.92186360712287,2.766337016066549,0.4285031150143072
10,1.7091029726630185,2.1792275183265053,0.36173791340335776
11,1.2041613303741632,0.5892024981166352,0.2794361543831095
12,1.1931624575229085,0.5609856894143135,0.2316596326756773
13,0.8829931563690432,0.43424946578126444,0.06153309272555205
14,0.7573589040248719,0.3969425231460615,0.0001685617624009079
15,0.8256207336149832,0.41807155694058806,0.033497578494106284
16,0.8894468147939283,0.4443827358074716,0.022145187200552502
17,1.0473080971958946,0.5324124877620836,0.011857315578393656
18,1.522940795200385,1.2275769682811712,0.134057193072528
19,1.6057292457935126,1.4805122824643708,0.2599526003029861
20,1.623673743582287,1.6597329767108528,0.12891767936111187
21,1.6298370743854385,1.6868187870106732,0.09444216679780225
22,1.4478751508028478,1.1325650492804504,0.007202125584798804
23,1.6294237580789632,1.7835537800776182,0.04981054619723596
24,1.7057907913998742,2.2024866906936547,0.17172508513767185
25,1.643508067214934,1.8455682799849416,0.21496692480627752
26,1.5653445300575213,1.3852742563068754,0.12615788784534437
27,1.330499696715318,0.7343067768793804,0.119773360852887
28,1.7271530431561826,2.105182918139417,0.024133813297121137
29,1.7821881565665425,2.2100251252903753,0.13680465569395867
30,1.5760427218558728,1.5493715564634782,0.05749201898390587
31,1.6747897800001668,2.0033729975684134,0.007518300123242155
32,1.7890922825923616,2.392585233319619,0.019934010224537443
33,1.8170970038703316,2.427033909399256,0.07501502820602962
34,1.8134090799963363,2.3772658276850347,0.0670767499537795
35,1.9601494123538745,2.6376356967209906,0.35528505030670376
36,2.2091853602788656,2.9912147509861837,0.5032161824878902
37,2.2588068432773136,3.071763463979438,0.739161714838029
