,Pitch,Yaw,Roll
0,0.3388160444284638,0.2554348261240107,0.16659449024833012
1,0.09434653663686271,0.2693064359071082,0.21104599979021846
2,0.19936671652760038,0.21847531204934767,0.20865203417067874
3,0.1878059133952923,0.20661225763369168,0.23086055549657436
4,0.18348413182009635,0.18528818076372439,0.20992618081353354
5,0.17579456372228713,0.17906713773630153,0.19720851471595807
6,0.18785590826765383,0.1762438260131909,0.1641507900444282
7,0.16950835390531857,0.22953047358624976,0.13857164041957154
8,0.09827213770334649,0.29812849861103985,0.06759967546696893
9,0.07016027303465823,0.2433973933735687,0.11361220941294081
10,0.018428063124222512,0.2393605587221788,0.21240448834631329
11,0.11958901916776389,0.2708584565832546,0.18618016212360625
12,0.8971931797764388,0.7036590036532301,0.11175275429267233
13,1.5084177369773528,1.4858723654359893,0.08329565831158917
14,1.6495902115827779,1.749836124376825,0.1241355111968865
15,1.1361754080583983,0.7546771237895076,0.29152320302023615
16,1.177407314834141,0.8257647197175979,0.18247169876659577
17,1.251692726880413,0.8916118966107565,0.20082859986479124
18,1.2001464079408057,0.8317781503526338,0.22038933646061082
19,1.177031868621111,0.7763692068410865,0.3503045526227703
20,1.024813630166693,0.7123668107856881,0.3454352488101175
21,0.9469573522901833,0.7388655026914109,0.29973344283745107
22,1.1579661758526076,0.7855898930944641,0.3808288139124717
23,1.059150876001631,0.6572250104573708,0.4780371081345348
24,1.5214882748198746,1.1148186297348741,0.38873776056587334
