,Pitch,Yaw,Roll
0,-30.66089100105139,-21.53331719144972,-27.72961131219281
1,-27.678658001827884,20.731931017653476,7.803821232676753
2,-40.261600029291436,34.83745957783325,10.735816705235624
3,-45.46239931647423,30.088545778192938,17.227161954214893
4,-22.103549672819028,22.71945616154079,20.094874754613997
5,-14.944255590914292,18.27883406523706,22.16534066439724
6,-15.164749007921717,13.946159055025683,28.338349855388813
7,-16.207679165387386,15.435084753749319,26.140085540209334
8,-20.413731273345277,14.032493553366736,31.03741230498443
9,-24.94113558204952,16.262735291604,28.311285473512722
10,-25.502960342355063,17.13488396528084,27.637266866377335
11,-19.924172722371043,18.29688617540208,21.672968756418058
12,-14.512030679378134,15.353253580510197,23.691909181669168
13,-13.686245308510204,13.824209743538693,24.593288639120832
14,-13.058255219780614,13.064518401479997,25.21963238671281
15,-10.929623023861634,15.442035046982747,19.963055181604467
16,-9.050682529042152,12.310660283167747,23.783875961968853
17,-8.803867935730228,7.861394597404538,45.83871674172226
18,-9.809348020574937,0.7635624148274872,58.8906023368604
19,-10.482376174236666,3.0306637125454188,54.899101724968105
20,-10.559619128724172,8.083052071925598,32.48005768925318
21,-9.7060159514496,17.57827453132028,17.421240604726293
22,-8.564976509146573,18.1750408994734,15.745525350721332
23,-7.043498669111631,18.377908136154165,12.965782274978107
24,-6.552505580723784,16.66104927712736,14.335937891689804
25,-6.0630065439256455,16.062549705476236,14.474191275712881
26,-6.699429409614067,14.243286701266694,19.102834502167237
27,-6.956497999663275,11.200712494608409,25.73584810569105
28,-8.037297149002113,8.823882828986468,34.4269636942889
29,-8.226538262609123,8.42748980065588,35.638377351930124
30,-11.26686208099553,9.194814551888669,35.02280827418879
31,-14.517313036071496,6.701675566567076,51.56861289631586
32,-17.35225971968757,4.265762812633209,64.76747768622705
33,-15.607043919081358,2.7892630820485187,66.97839523496704
34,-14.107021823379695,2.7035789069005354,66.62870719587251
35,-12.68306110411064,3.7160809298856363,60.12168502415384
36,-13.359804822481793,3.6748582209665033,62.23838527722633
37,-14.48764974417745,7.491776099695788,43.839537695942205
38,-9.150262175855778,14.42849586662807,23.65251188568934
39,-2.116942726899529,2.7959038993085024,2.4890826315730927
40,-26.556433712725138,-30.927543611614166,-38.721402137668925
