,Pitch,Yaw,Roll
0,-33.81529812643073,-3.8498045657573625,-30.13994673156453
1,-17.34264137459452,34.594392304151,6.499773921526034
2,-34.91492187924213,27.0366793347563,18.917015900623607
3,-37.356420459412256,19.827791518553646,26.341121761142073
4,-29.648273964251743,16.854512069136707,28.414340715761135
5,-18.985179202594946,13.50822362878203,31.597326906251887
6,-16.97670714632337,12.937676904279677,32.20385014597257
7,-19.811125009924563,14.665019632315456,31.14537697314463
8,-22.31256604993923,12.86238749698051,36.532832891755085
9,-24.809857977885088,14.80146243686229,34.44733636462334
10,-28.445658374093426,12.537097934758792,37.85568162495959
11,-28.74585490930118,8.214771619455487,42.6799818870614
12,-28.288806688184295,2.792816882322465,59.64586052458425
13,-25.188925328325475,0.9262597469080619,61.599733683011294
14,-24.512651529039903,2.5765304893430563,65.34879233081124
15,-23.7656003923358,5.557752344286382,53.301308518166785
16,-23.796565618337095,2.758199873043441,68.84422153574226
17,-20.134306812705,3.523055407410318,71.65747030729956
18,-15.981981058460129,0.6040685811734491,83.4942030776766
19,-10.112388350810065,3.826833432590575,65.21218302110921
20,-8.078957095436987,8.4466949442366,41.358242779529085
21,-6.891740376886711,13.078031500748489,20.22450016702676
22,-6.361172375548729,13.776981285610647,17.99472738075985
23,-7.100250760792573,12.674079306778173,21.85976570642177
24,-7.938942907942466,10.799796385855185,27.20003225868376
25,-7.727748006729371,10.003771524397555,28.541623895447042
26,-8.699816987994444,9.334955609292898,32.043321078984334
27,-9.578373422529825,9.927626584572423,32.44555677006013
28,-10.159561428058856,9.820984329766866,33.985600901060636
29,-9.700849187572773,10.604917251941906,31.511407862922233
30,-11.433077698156453,9.944129150575202,34.38565098905014
31,-18.343428875459033,7.931778602883005,44.85470686458877
32,-22.030387692821073,7.913530775481551,48.13424418519171
33,-20.584119499729777,7.602271079473686,45.89681146363223
34,-12.333136706269372,8.789550900519775,33.115971995814135
35,-35.550748424734074,-24.776854351280267,-10.362018391435972
