,Pitch,Yaw,Roll
0,1.475680753912331,1.2183017179475102,0.0399038669618976
1,1.5703010563587834,1.5086655342122397,0.07804514224710837
2,2.045697593290545,2.7531472747127075,0.13388501874158537
3,1.8864722184718064,2.4693052413517336,0.21937770777620375
4,1.4460075408658704,1.140415303257222,0.22532171376468677
5,1.488924986692612,1.2872915010178145,0.11963173153632108
6,1.5596561515754943,1.4424126804743425,0.12871715805640818
7,1.5623273472163741,1.441566564648447,0.14048035809514584
8,1.553923810431651,1.4119962323052282,0.14457595494048442
9,1.5044073943264482,1.3198167922787927,0.10462676363849135
10,0.9274257854275124,0.7046537573102074,0.09776903546978002
11,0.38131763673599295,0.4663970127550276,0.26697999788984517
12,0.2514371056825694,0.402532822977001,0.3058283220739449
13,0.3561147111860395,0.4761360211544658,0.20656953548262003
14,0.5568889031636954,0.5230564103485841,0.2549055436814923
15,0.03689490877364793,0.37527028647672145,0.08757418058652525
16,0.06626965862584083,0.3589005257289603,0.04631014116302394
17,0.19177761657076423,0.3757501638496455,0.09338064184365708
18,0.4376462134157988,0.3604644496824802,0.12534241702383112
19,0.36268836891064216,0.28607136070410144,0.12277384075185319
20,0.25045555397468167,0.22505485920176846,0.1523616312581853
21,0.3549132177492102,0.24128837998827457,0.1251624450391451
22,0.4917544095566292,0.2475842159562524,0.15709240380275913
23,0.7296610397323673,0.27837790958978,0.039943418143868675
24,0.8211844654962765,0.29657279599701236,0.05022639069367175
25,1.4230285923771149,0.8004599537912539,0.054494366741490365
26,1.3542630374115268,0.6709062684788721,0.013856577762116384
27,1.314894037855892,0.6052485480170103,0.015133990088928498
28,1.09293821309323,0.5119182702331307,0.032429960487420556
29,1.3438502525226366,0.9885244609945347,0.056687779915460444
30,1.361261867908813,1.0904872162953059,0.0412692053532818
31,1.6306728244237993,1.8346940204577165,0.005389208970993206
32,1.604879099032963,1.6828732130988349,0.016420328268438634
33,1.5936845813334677,1.6186792488798494,0.05012719588391304
34,1.6407431383156221,1.7515765240173733,0.08983402470227762
35,1.5827380789646743,1.5146176091970058,0.12322472045300463
36,1.5291577181561322,1.3711379882301695,0.1275414014330118
37,1.522928425007244,1.5327308965204003,0.007281620417176486
38,2.1337503728642977,2.801642748365149,0.6156714102552402
39,2.2665250756834077,3.038302574996649,0.8813083148880281
