,Pitch,Yaw,Roll
0,0.08677414989471063,0.20116288822772674,0.1818607126847806
1,0.107348669798349,0.24627368411713302,0.24971643216910913
2,0.5118522774590515,0.3378083408363267,0.1582264862110995
3,0.4255992297662026,0.2618350327533084,0.09481160454506114
4,0.6343119966457249,0.24327912387749,0.00023436061764442914
5,1.0237000489877228,0.32978506251607226,0.061941920754310556
6,1.086938835991113,0.34724373116374213,0.0694251969423028
7,0.9391934025593842,0.3413955100532491,0.02458396322524388
8,1.2211931342398619,0.9452376754255766,0.10810183404150552
9,0.9907462018787107,0.6845942849884382,0.04296705986340367
10,1.0507694640615801,0.6820791186252789,0.07121518342416745
11,0.865977398064623,0.6376244919488849,0.05796871584999908
12,1.0110686659333532,0.7163102998906548,0.04265277491589518
13,1.0692479986381902,0.7521530480240248,0.012488715484280953
14,1.1673522373774248,0.8704858162338053,0.03812612350374224
15,1.183677943478086,0.9700347029910175,0.11584978486895481
16,0.23912004148154167,0.49346105145077956,0.06286250585487302
17,0.4237260301073628,0.38416616878810916,0.07929882344373772
18,0.16869317287051427,0.31268720667990835,0.24366627079073913
19,0.06423969280326623,0.27101631004257976,0.28090247472277374
20,0.07899666983799997,0.2394417391981696,0.3756227165600019
21,0.025557839895994115,0.2052767913431034,0.3044431801053303
22,0.13493468072438386,0.1832037675502327,0.3004214346112443
23,0.1969193161976154,0.17801656965792112,0.3545238044299654
24,0.20113629177897893,0.1670908117024806,0.3738438482228074
25,0.15757220534450064,0.16930665289233374,0.3853979557692218
26,0.118702137846223,0.17855645280197968,0.26099641930833906
27,0.4011475289879816,0.17931214529716627,0.021340018234722216
28,0.4330220604024933,0.22677277017079692,0.2380827367240336
29,0.7092906878156866,0.2626535572396798,0.12533298563660006
30,0.25529793129236317,0.2561549173719039,0.31255249028924087
31,0.5369750199003109,0.38566098210082483,0.19618786083087897
32,1.3050104162012275,1.0713123988139195,0.23593989386967412
33,0.7884536757793282,0.6371774497600826,0.1904820834695709
34,0.7999245830036704,0.5982116661189952,0.16131853170630384
35,1.0910139082106607,0.814169084085325,0.1663129467205909
36,1.0314050073439647,0.7827468763149967,0.1340059387323989
37,0.8740119284923108,0.6856990280127571,0.005481882483735665
38,1.9425411366856817,2.4812446892470783,0.06864997560891326
