,Pitch,Yaw,Roll
0,0.07509912359703867,0.2665797189444115,0.018132873831398517
1,0.1437924731027422,0.23615606633280767,0.08776315798108458
2,0.18456891748593116,0.23241445533635646,0.01371939411809695
3,0.0030036214025959845,0.19630041846953822,0.028573815721718902
4,0.10644922852462116,0.16972418128837205,0.08691326529188599
5,0.05016298513979452,0.21836937280462138,0.023508960726757223
6,0.05988316597507787,0.2114159798293758,0.0021035871719211597
7,0.04490336623535619,0.18424073162798696,0.06735557452557032
8,0.019248980056337968,0.19175181769843447,0.15401345442212247
9,0.10676436350858129,0.19869576480765677,0.12072765272484802
10,0.37523389804009605,0.21908429520496037,0.03952346343672733
11,0.6899136457720404,0.23842266937080772,0.02324132055983744
12,0.5553633387873204,0.23508794287330184,0.005132023575523046
13,0.778468246116821,0.2592622152053994,0.06210926998111956
14,0.902812541946621,0.2848234560043294,0.05199266681598216
15,0.7586869172568768,0.2518447514294556,0.019303818254838217
16,0.8947118051600609,0.266720624729694,0.13971804811233884
17,0.6469892637377611,0.25956754986743336,0.03201103179173994
18,0.26859756919657,0.23173648097111,0.16430270115220663
19,0.33006660560123946,0.23765694080359848,0.113063514824911
20,0.3817478142230276,0.3262711638731575,0.06775804073932762
21,1.0631616640196249,0.5399773214418473,0.03737181039977537
22,1.6199853911565172,1.925695515384917,0.16539561100429043
23,1.3142003815963939,0.9415751444727474,0.0926276593588082
24,1.27029317562748,0.8840038405035795,0.1412618575195547
25,1.4924218470078379,1.1795534268107848,0.2386523993579811
26,1.3831473702112864,0.9855076903577754,0.2464057869182192
27,1.3177691022700302,0.9216636158606634,0.24023369986932008
28,1.8561454612940655,2.450175509690216,0.19241637792277388
29,2.1740087506210544,2.9469340430917237,0.5212902675378319
