,Pitch,Yaw,Roll
0,0.027363298354005833,0.3123361374061226,0.022331953439895764
1,0.11406501959719716,0.2922802143402272,0.04065184573873442
2,0.2726953658164381,0.24833890227369879,0.09599411921509547
3,0.4321640325568558,0.2754139485569521,0.10135303120204335
4,0.2833821992358402,0.2297186503714175,0.06554071426539627
5,0.23399859213119237,0.23132422654343718,0.05290124917380463
6,0.4737779929139895,0.338645851107962,0.11483016319408768
7,0.4407967318350941,0.29408180569828285,0.133657280075977
8,0.36573708566959395,0.2952817315410506,0.15334650877227513
9,0.26352636843252475,0.2963787299812858,0.18097548829235216
10,0.24320112050285944,0.24964984439319993,0.2253378347036077
11,0.3540781692363394,0.25058751343975033,0.1551374928392696
12,0.5861605761321732,0.29069982197013006,0.06499172847172291
13,0.44107654704565574,0.3412485873957631,0.13109660495170436
14,0.2575577970435006,0.4089616262376862,0.16159912810215646
15,1.5535704374887762,1.5290842059465146,0.02257077341398177
16,0.9322693033137825,0.6744209429729524,0.019486905149088386
17,0.9010842347861665,0.6492168618700991,0.018246647105176372
18,1.1300079221187684,0.7925944336237036,0.03928580206372835
19,1.084119967997347,0.7781528994659487,0.01445648026063298
20,0.9809663231184149,0.7044689509899936,0.09142023169687213
21,0.9646053703712864,0.7091728547968109,0.05001879653329152
22,0.9242175845730256,0.682419716414892,0.07109748293748727
23,0.918321225493007,0.6780436900547915,0.06494203515165176
24,1.0466261168883202,0.7790133681387569,0.12718894151250185
25,2.046338642722612,2.7236040310553515,0.03474869359216349
