,Pitch,Yaw,Roll
0,-31.043678782218436,-14.885873563417077,-29.590486194364438
1,-7.0020248005638805,19.703236543162372,6.741726854598663
2,-10.284683634018782,17.835272898114184,13.211003410006299
3,-11.145271241375282,12.983741352618381,30.743850672623275
4,-8.323931536000396,11.352688602969033,35.26731807125015
5,-9.69865470185495,6.964134089439052,43.648881937155664
6,-11.02639855713837,9.375314658386152,33.53467698788386
7,-13.447054669867736,6.202537134413615,50.28899516146406
8,-18.35816756525218,2.7232182132426273,67.3093445668228
9,-20.703302439169477,2.7209597030428183,69.68412425335124
10,-23.948394471183615,3.9060991562873104,65.66585544211988
11,-22.97124019439881,6.133502662463199,55.66980848663665
12,-22.651169557562145,5.431596553867829,57.779831623200515
13,-17.33375741024125,7.688492193496127,45.08347508818339
14,-15.07255737582887,8.962693922419152,39.15028977198808
15,-16.591419257425024,7.770965670749631,44.89357418027594
16,-17.710661141924934,4.617179898231409,62.0213802996026
17,-16.559661595292724,3.962376478803387,63.55083340810522
18,-10.982152361678864,4.27498594605555,55.813103119832405
19,-7.798688359437934,10.627975478109335,30.830775328376014
20,-4.533057310944778,11.901394142675295,20.475687485545226
21,-3.918927622887632,13.129990174664979,14.07550583157236
22,-4.1472933978863775,10.837202342622689,16.55730458868991
23,-5.060207867325031,11.36929590209863,18.444476405069693
24,-5.258213862198667,12.377850636405421,17.021194698602564
25,-7.815068177427178,10.103224053630063,27.814772478400858
26,-18.57490809510008,3.357290215940291,41.8884490441825
27,-18.87126115394837,6.203579455982143,39.41331468912584
28,-17.37226803895304,2.9497752510619266,42.84904005349049
29,-7.071958656906,7.322185771415018,36.69822437413204
30,-7.599322951133582,1.2440553784243833,51.616383947878774
31,-7.699781769707226,4.091887327520538,47.21339482960672
32,-7.606433516177247,4.150968668279392,45.912380448728804
33,-7.456285977368576,4.295021720724409,44.583497359920386
34,-2.1740554805087315,9.207993254296404,21.492755278107563
35,3.7251869212955704,5.025802733859327,-17.380083589042798
36,9.933300896498523,18.482441904497225,-58.823721383438816
37,11.677702207374718,31.73702810310095,-72.23527941950368
38,-21.9654686348958,4.140516824752066,-75.94189265889271
