,Pitch,Yaw,Roll
0,0.04202070795591056,0.27465041058325484,0.20498124223327288
1,0.15308453499264485,0.25288056690711125,0.17209843939833339
2,0.14026715502165937,0.22459920998309513,0.01546612028522465
3,0.12546529660110814,0.2049803296061414,0.020109524053823786
4,0.07359904494948852,0.19587473780033962,0.0326975213063893
5,0.14057808146404996,0.206196959959847,0.054227315164908405
6,0.10525085881658398,0.18258861797629564,0.0506271357380033
7,0.16903570126010306,0.19893538142145156,0.06240892563676021
8,0.41737097610034357,0.26644649386329033,0.047193468332261734
9,0.2784036374816836,0.24580879974642275,0.057931005371052106
10,0.4127032686239669,0.24759302072588826,0.0592297365833735
11,0.4765166371119574,0.24762179817881985,0.10805312675347747
12,0.47590335309814263,0.2098102578759291,0.08357453526417538
13,0.6148660755976352,0.21568125224709755,0.02186437737013533
14,0.621968086109448,0.2224353110486517,0.022186552517414755
15,0.31029125523779894,0.2303166038745505,0.09571745698962565
16,0.37142151867861745,0.22123852581078116,0.08200136313820476
17,0.5858460071284932,0.24561633083828205,0.06789468767360231
18,0.5480184586416036,0.26542898670320486,0.03416702801630712
19,1.3856024485919294,1.0655649855941265,0.05970910381891705
20,1.5274970520414877,1.4158215417514601,0.036836379270977375
21,1.127219999423404,0.7740397989972817,0.12750605180496963
22,0.7975718917168723,0.5104534018113253,0.1575788892704475
23,0.9319053480419763,0.5520121837448556,0.2084853069350255
24,1.0164739111256293,0.5931492294525851,0.27461202163976856
25,1.2743998696814913,0.7835120927493379,0.3106026615107592
26,1.8659833937460335,2.465362593179868,0.32872849761784956
27,2.1608395093716335,2.9588876758249967,0.33400636927157384
28,2.208541114876656,2.9952699130338147,0.744881042615114
