,Pitch,Yaw,Roll
0,-29.68797038585543,-19.632506571100993,-33.90027627207024
1,0.5206213008260785,10.124866873583056,-18.635033199901923
2,-1.5803694036486724,9.297337259128096,-9.412876065985248
3,-2.683459647042222,8.048837421127528,-5.34655296030512
4,-4.694968741034383,11.245673612888348,17.459598067695406
5,-5.087629501260624,12.074511431994043,17.10737448273756
6,-6.221537721781266,13.158771849215563,17.85595186898922
7,-6.388024651474372,13.33558174635043,16.695030381041565
8,-6.935592632810488,12.263578891277424,19.59883456825039
9,-7.984542540267231,7.886520620158938,34.76765698289289
10,-8.842921687558452,6.742957842078875,40.17825287317572
11,-7.814628600971153,3.3930707592593237,53.84161679082926
12,-5.092045762526455,5.96138735304522,36.92710716716505
13,-5.702321103387816,5.854895478433739,40.30096883672862
14,-8.7344560127274,6.799867133186318,37.00079986993274
15,-10.311484845578475,5.276392751340497,44.78772356972046
16,-9.180311509596839,2.775211204118216,54.56254686257814
17,-5.995023036854497,1.5853823372867426,64.33888422352118
18,-4.321258443312351,-0.558958138780481,77.6303964151181
19,-3.03290344447139,-1.063385964240428,66.27419754000938
20,-2.981652268917716,2.6403471914764265,42.30253590407444
21,-4.221268930718521,9.691699215471978,20.381677685544066
22,-1.7148433776809682,22.199823392608604,1.680084868821307
23,-0.7624904709833202,35.54134663204846,-2.8141937745507164
24,1.0696507989669257,43.01173409845525,-6.285327372805115
25,-0.45039424883310325,43.60807951205365,-2.752836899283872
26,-0.32528204665624433,37.007536165853956,-2.9805168379161486
27,-0.021102071121100744,32.52925923388734,-3.3287169900137448
28,0.4528266869066223,24.281003569110226,-6.357945133985615
29,2.9383520545855117,21.616376098268034,-20.547961587840813
30,5.975897637798686,21.140276748454276,-32.57878231026188
31,8.429405641326777,28.242257036467088,-45.70798442977283
32,9.32234262826913,21.71449423035991,-38.51463435829744
33,10.488723008549151,26.75857161827323,-32.209406523590644
34,-22.406563767910427,-14.074978103903497,-44.995428506722924
