,Pitch,Yaw,Roll
0,-33.37932093878849,-10.817119334674665,-27.04648830405532
1,-25.018572356908628,26.672712532350385,12.195985531402426
2,-44.243295685539394,21.29204094569815,25.014156980578587
3,-49.48944635891134,17.25338712199201,32.17278284905741
4,-32.90202500174764,13.078955435014187,34.720822394101916
5,-16.306512484308765,17.821893813965865,24.970809209776732
6,-10.058482123917361,24.685745714834663,16.50787262792985
7,-8.81743220275551,27.62840762401956,10.59524035430038
8,-12.02754236628497,23.938371910016674,15.277682012314305
9,-15.32691007686661,15.324265430652925,26.666660871983716
10,-19.172746345513612,13.81778120481983,31.620446511733387
11,-22.602224061366954,11.332801408835447,38.1295137500268
12,-22.57065342605354,8.62474764091154,51.0002006715108
13,-18.817855661928547,8.468646881967747,48.46859603146038
14,-12.655538914960143,9.429436842172148,42.06328387399977
15,-11.187903240172533,13.710282053676778,24.51912145076635
16,-12.53054204002026,7.952571652963477,39.97307697376901
17,-12.92864949073516,3.4124159231456135,60.83628702896367
18,-11.682915322923675,-0.5621452606121305,74.495958664341
19,-9.284772018174996,0.7956940418745952,80.18241502616404
20,-6.335954793940028,5.808200177596463,54.00757132947459
21,-4.8121362960756,11.725176858568732,34.11905072074056
22,-3.0197868602347233,19.68485166585769,6.2563741366276915
23,-3.62001831196973,14.916987603773672,32.59134270933718
24,-3.623388818720413,11.971280593916722,34.405872126420164
25,-5.784219015920381,6.089469200320382,44.800311860860525
26,-6.684925544768968,9.344780467361797,24.63002043726128
27,-6.931941757086137,10.356333145598715,24.351120715495966
28,-4.803857495763672,13.626590441034676,14.841074116378968
29,-3.7278823937774077,16.1079957835948,8.864502209294937
30,-3.7197034616458393,16.894458287345813,8.223653630905172
31,-4.261153037683244,18.735459481769023,8.266276945876545
32,-3.760935593527612,20.69674522468366,6.551642085444982
33,0.026707635548492155,3.9376437443274415,-0.17260277518381759
34,-28.343132148961825,-33.44708416545302,-32.67741663276353
