,Pitch,Yaw,Roll
0,0.8321788644112846,0.4937233386784488,0.1346440083375436
1,0.9805575482247907,0.5824347736849015,0.047695832282462866
2,0.9491850684923567,0.5233387995291773,0.08954307560318664
3,1.5792274859420852,1.6527558625142493,0.0336091227986057
4,1.5011161748141248,1.5818420188524664,0.268267118179964
5,0.8343923064051627,0.48299507401093195,0.1732334157384323
6,1.2072573268354998,0.7817639952324779,0.07378542312920738
7,1.315830988712982,0.8146947994736488,0.18478857252132672
8,1.7617335407137162,2.0928033568665407,0.24596129905246664
9,1.7642811096915065,2.083054783984775,0.3919410544076651
10,1.2389419157061126,0.7641592119538858,0.30812848628396333
11,1.1671890080732343,0.7739622549170082,0.18042804168411314
12,1.2305226388909545,0.8862371542063502,0.0662041858803978
13,1.2009811620259656,0.8652713056512652,0.04053818636778701
14,1.1501699793706106,0.8620966015810182,0.020298160167601494
15,0.9793204623932905,0.8129235123992881,0.09445392472816644
16,1.6787210451207706,2.0581020872882925,0.1609871755590818
17,1.7396746442861601,2.399943378564408,0.3134510115818206
18,1.017738536142309,0.7038788623190363,0.25160054698037965
19,0.6114656854414525,0.36712753873377335,0.07117535599524254
20,0.3936425979733355,0.2851596850468688,0.1597032297627906
21,0.6351905988063896,0.31766297985066694,0.1479191489349298
22,0.7500091302210018,0.29347851444895445,0.08968343751425732
23,1.1078035008122138,0.41644370594928826,0.025581084289188833
24,0.965149730176507,0.34122809258580916,0.005590722281563589
25,1.125292761770597,0.390344891523913,0.0360178252033346
26,1.46381642932348,0.8501578160291839,0.1388577060348085
27,1.529415807072593,1.1904519274554963,0.10967018950332952
28,1.3285968242629143,0.6508368551231162,0.03200725444245859
29,1.3046506510425784,0.8399217059327212,0.010854435746395573
30,1.480608285690194,1.1802286743170989,0.13067202057698862
31,1.513616450938376,1.2312679362376742,0.2717356282160052
32,1.528759039235081,1.2102260221490928,0.30552282880530923
33,1.5272387117067325,1.2776241949926226,0.22409324937402503
34,2.043494011029852,2.7166628686656997,0.28730371007990824
35,2.058117672014532,2.7214008461410657,0.3190400591100732
36,2.2438046376102414,3.030530301191763,0.699924002804269
